rank,moki_name,moki_id,score,class,rarity,stat_strength,stat_speed,stat_defense,stat_dexterity,stat_fortitude,image_url,thumbnail_url,category,page,date_scraped
1,Bio Phantom,1235,18935,Defender,Legendary,242.00,317.24,572.24,73.00,100.50,&quot;https://5rH8sf3XHWbNEbyj.public.blob.vercel-storage.com/profile/moki_5ccd239c22d168a74efc7a770815ccd121a18db3193c7c3280e02ed3dca18b86_300x300.png&quot;,https://5rH8sf3XHWbNEbyj.public.blob.vercel-storage.com/thumbnail/moki_5ccd239c22d168a74efc7a770815ccd121a18db3193c7c3280e02ed3dca18b86_64x64.png,Champion,1,2026-02-27 07:44 UTC
2,Mr Carrot,984,18875,Defender,Legendary,216.00,299.98,526.13,20.00,23.00,&quot;https://5rH8sf3XHWbNEbyj.public.blob.vercel-storage.com/profile/moki_59c1f6bb6507b6fb3663db8d9ee2fe16392e61e884be0fce88a0d8c10bf30ca9_300x300.png&quot;,https://5rH8sf3XHWbNEbyj.public.blob.vercel-storage.com/thumbnail/moki_59c1f6bb6507b6fb3663db8d9ee2fe16392e61e884be0fce88a0d8c10bf30ca9_64x64.png,Champion,1,2026-02-27 07:44 UTC
3,Low Tier Phenom,1270,18570,Bruiser,Legendary,522.68,27.18,253.15,77.77,210.00,&quot;https://5rH8sf3XHWbNEbyj.public.blob.vercel-storage.com/profile/moki_ff56b48d598944cae793b4dd81932e39a45237133dcfbed9b4cdebc7effb9c97_300x300.png&quot;,https://5rH8sf3XHWbNEbyj.public.blob.vercel-storage.com/thumbnail/moki_ff56b48d598944cae793b4dd81932e39a45237133dcfbed9b4cdebc7effb9c97_64x64.png,Champion,1,2026-02-27 07:44 UTC
4,Golden Purps,1105,18330,Defender,Legendary,254.64,300.67,496.79,50.00,54.62,&quot;https://5rH8sf3XHWbNEbyj.public.blob.vercel-storage.com/profile/moki_a749c2848939962fbbe248d86b6802886869b061db8b7bd1f6a9a4ad27b2e87a_300x300.png&quot;,https://5rH8sf3XHWbNEbyj.public.blob.vercel-storage.com/thumbnail/moki_a749c2848939962fbbe248d86b6802886869b061db8b7bd1f6a9a4ad27b2e87a_64x64.png,Champion,1,2026-02-27 07:44 UTC
5,Lil MC Moki,8016,18240,Defender,Legendary,221.00,284.64,537.29,5.00,82.66,&quot;https://5rH8sf3XHWbNEbyj.public.blob.vercel-storage.com/profile/moki_0cabea8fb4246344665ec4e9cd7984e6ad9e198ea7b94bc975db24ec367dc1ea_300x300.png&quot;,https://5rH8sf3XHWbNEbyj.public.blob.vercel-storage.com/thumbnail/moki_0cabea8fb4246344665ec4e9cd7984e6ad9e198ea7b94bc975db24ec367dc1ea_64x64.png,Champion,1,2026-02-27 07:44 UTC
6,sweet90s,987,18105,Bruiser,Legendary,615.23,135.56,310.90,60.00,270.00,&quot;https://5rH8sf3XHWbNEbyj.public.blob.vercel-storage.com/profile/moki_sweet90s_300x300.png&quot;,https://5rH8sf3XHWbNEbyj.public.blob.vercel-storage.com/thumbnail/moki_sweet90s_64x64.png,Champion,1,2026-02-27 07:44 UTC
7,Midnight,1029,17870,,,,,,,,,https://5rH8sf3XHWbNEbyj.public.blob.vercel-storage.com/thumbnail/moki_de6952f75957cd252af280981b605681b3aa3b63365235331a0ef4b8b0d137ed_64x64.png,Champion,1,2026-02-27 07:44 UTC
8,Mononoku,6820,17850,,,,,,,,,https://5rH8sf3XHWbNEbyj.public.blob.vercel-storage.com/thumbnail/moki_9f92a5e17d85902c3c1cde6afe1495bac44a3214f514b25bfb31046065c8b30c_64x64.png,Champion,1,2026-02-27 07:44 UTC
9,Roninku,6777,17710,,,,,,,,,https://5rH8sf3XHWbNEbyj.public.blob.vercel-storage.com/thumbnail/moki_Roninku_64x64.png,Champion,1,2026-02-27 07:44 UTC
10,Poo Licker,7021,17635,,,,,,,,,https://5rH8sf3XHWbNEbyj.public.blob.vercel-storage.com/thumbnail/moki_efd8ac7ffad48f087d98e77ea193e8719950c00605f1f42f6e07720d209e4aff_64x64.png,Champion,1,2026-02-27 07:44 UTC
11,Sweatin Simmons,4434,17600,,,,,,,,,https://5rH8sf3XHWbNEbyj.public.blob.vercel-storage.com/thumbnail/moki_2d65a6af655710b3f1a242ad54c35c424f742a5ca7847ad1d76f5dd81fc15d38_64x64.png,Champion,1,2026-02-27 07:44 UTC
12,Shady,964,17580,Defender,Legendary,219.00,301.59,512.53,26.00,41.14,&quot;https://5rH8sf3XHWbNEbyj.public.blob.vercel-storage.com/profile/moki_f861748ab2bc1b3348708790641d10b00f0d8cc13f4179483f18757f8e5375ba_300x300.png&quot;,https://5rH8sf3XHWbNEbyj.public.blob.vercel-storage.com/thumbnail/moki_f861748ab2bc1b3348708790641d10b00f0d8cc13f4179483f18757f8e5375ba_64x64.png,Champion,1,2026-02-27 07:44 UTC
13,PNLS,1418,17560,Defender,Legendary,308.64,301.09,500.22,45.00,42.00,&quot;https://5rH8sf3XHWbNEbyj.public.blob.vercel-storage.com/profile/moki_8f1c9f71d6143ee1580973f7d77abb3b0f657b3c9cb5d75fa24854b8d03a820e_300x300.png&quot;,https://5rH8sf3XHWbNEbyj.public.blob.vercel-storage.com/thumbnail/moki_8f1c9f71d6143ee1580973f7d77abb3b0f657b3c9cb5d75fa24854b8d03a820e_64x64.png,Champion,1,2026-02-27 07:44 UTC
14,SweetPotato,3340,17550,Striker,Legendary,20.00,305.78,19.00,500.56,345.35,&quot;https://5rH8sf3XHWbNEbyj.public.blob.vercel-storage.com/profile/moki_b4da6a0137c43260393884abf82021f687423a1aacf639d772e9f038c6d7702c_300x300.png&quot;,https://5rH8sf3XHWbNEbyj.public.blob.vercel-storage.com/thumbnail/moki_b4da6a0137c43260393884abf82021f687423a1aacf639d772e9f038c6d7702c_64x64.png,Champion,1,2026-02-27 07:44 UTC
15,Animo,3624,17500,Striker,Legendary,28.00,330.34,91.00,592.48,243.00,&quot;https://5rH8sf3XHWbNEbyj.public.blob.vercel-storage.com/profile/moki_288ef5241f7530f414eee0bee28b180fe90210bb82715ad2e121b66d39cde20b_300x300.png&quot;,https://5rH8sf3XHWbNEbyj.public.blob.vercel-storage.com/thumbnail/moki_288ef5241f7530f414eee0bee28b180fe90210bb82715ad2e121b66d39cde20b_64x64.png,Champion,1,2026-02-27 07:44 UTC
16,Guppy93Allan,8097,17350,Striker,Legendary,57.00,350.78,47.00,586.64,328.69,&quot;https://5rH8sf3XHWbNEbyj.public.blob.vercel-storage.com/profile/moki_082d7f805b81cdb3965e55c27bc6233345649d5b95556730f06082c0aeaa4907_300x300.png&quot;,https://5rH8sf3XHWbNEbyj.public.blob.vercel-storage.com/thumbnail/moki_082d7f805b81cdb3965e55c27bc6233345649d5b95556730f06082c0aeaa4907_64x64.png,Champion,1,2026-02-27 07:44 UTC
17,BIN Diesel,8260,17330,Defender,Legendary,222.00,374.68,460.77,19.00,14.00,&quot;https://5rH8sf3XHWbNEbyj.public.blob.vercel-storage.com/profile/moki_9c9739877ce8af280b88434b28ae104b4654913de2dabc329d6b3c028c7e0001_300x300.png&quot;,https://5rH8sf3XHWbNEbyj.public.blob.vercel-storage.com/thumbnail/moki_9c9739877ce8af280b88434b28ae104b4654913de2dabc329d6b3c028c7e0001_64x64.png,Champion,1,2026-02-27 07:44 UTC
18,Miyamoto Musashi,6602,17300,Striker,Legendary,21.00,293.44,12.00,535.96,269.72,&quot;https://5rH8sf3XHWbNEbyj.public.blob.vercel-storage.com/profile/moki_0c256e07c263f8f354fe8cc2c62c3c021465c81ea345b3416f10c11fdf63b0a8_300x300.png&quot;,https://5rH8sf3XHWbNEbyj.public.blob.vercel-storage.com/thumbnail/moki_0c256e07c263f8f354fe8cc2c62c3c021465c81ea345b3416f10c11fdf63b0a8_64x64.png,Champion,1,2026-02-27 07:44 UTC
19,Mugsy,5110,17265,Forward,Legendary,298.63,303.97,57.00,376.16,275.44,&quot;https://5rH8sf3XHWbNEbyj.public.blob.vercel-storage.com/profile/moki_610b13742358c44e937cda3cfa946f53abfb23d82e4b65f71cf99df8b88600e1_300x300.png&quot;,https://5rH8sf3XHWbNEbyj.public.blob.vercel-storage.com/thumbnail/moki_610b13742358c44e937cda3cfa946f53abfb23d82e4b65f71cf99df8b88600e1_64x64.png,Champion,1,2026-02-27 07:44 UTC
20,Zaris,6066,17175,Defender,Legendary,247.61,371.64,520.02,30.00,33.00,&quot;https://5rH8sf3XHWbNEbyj.public.blob.vercel-storage.com/profile/moki_739f9f9feb1822edcf39c6040619dd011a86ca79b3117e74569f94aecf776707_300x300.png&quot;,https://5rH8sf3XHWbNEbyj.public.blob.vercel-storage.com/thumbnail/moki_739f9f9feb1822edcf39c6040619dd011a86ca79b3117e74569f94aecf776707_64x64.png,Champion,1,2026-02-27 07:44 UTC
21,The Peelomancer,8587,16950,Striker,Legendary,43.00,384.87,57.00,582.93,300.73,&quot;https://5rH8sf3XHWbNEbyj.public.blob.vercel-storage.com/profile/moki_b445cec77cef10d26ee5347d66cb253be250f859f341055a31fba3840e11dd3c_300x300.png&quot;,https://5rH8sf3XHWbNEbyj.public.blob.vercel-storage.com/thumbnail/moki_b445cec77cef10d26ee5347d66cb253be250f859f341055a31fba3840e11dd3c_64x64.png,Champion,1,2026-02-27 07:44 UTC
22,Sir Pochington,6100,16900,Striker,Legendary,10.00,343.60,36.00,505.24,297.99,&quot;https://5rH8sf3XHWbNEbyj.public.blob.vercel-storage.com/profile/moki_9c8b63f2655168f91a1ea47c1ab2a8f36ce25e22237c1d89c8e0d394c746d00c_300x300.png&quot;,https://5rH8sf3XHWbNEbyj.public.blob.vercel-storage.com/thumbnail/moki_9c8b63f2655168f91a1ea47c1ab2a8f36ce25e22237c1d89c8e0d394c746d00c_64x64.png,Champion,1,2026-02-27 07:44 UTC
23,Eggsy,561,16790,Defender,Legendary,217.00,304.60,540.06,7.00,21.00,&quot;https://5rH8sf3XHWbNEbyj.public.blob.vercel-storage.com/profile/moki_0f5f59ae52efcc5198dd40cdad3eeb7843dc6194d47e2d12b323d243db243573_300x300.png&quot;,https://5rH8sf3XHWbNEbyj.public.blob.vercel-storage.com/thumbnail/moki_0f5f59ae52efcc5198dd40cdad3eeb7843dc6194d47e2d12b323d243db243573_64x64.png,Champion,1,2026-02-27 07:44 UTC
24,Dark Lord Moki,6606,16785,Defender,Legendary,300.10,300.11,558.61,58.00,66.00,&quot;https://5rH8sf3XHWbNEbyj.public.blob.vercel-storage.com/profile/moki_CultMoki_300x300.png&quot;,https://5rH8sf3XHWbNEbyj.public.blob.vercel-storage.com/thumbnail/moki_CultMoki_64x64.png,Champion,1,2026-02-27 07:44 UTC
25,Ryu Ganken,6824,16735,Grinder,Legendary,375.91,26.00,24.00,235.00,437.00,&quot;https://5rH8sf3XHWbNEbyj.public.blob.vercel-storage.com/profile/moki_b26a231cc164ddc7bab80dd9236d14aadd3d8a3f08522a127eb1533052624a0b_300x300.png&quot;,https://5rH8sf3XHWbNEbyj.public.blob.vercel-storage.com/thumbnail/moki_b26a231cc164ddc7bab80dd9236d14aadd3d8a3f08522a127eb1533052624a0b_64x64.png,Champion,1,2026-02-27 07:44 UTC
26,MOSE,2188,16705,Defender,Legendary,225.00,281.70,530.30,9.00,41.17,&quot;https://5rH8sf3XHWbNEbyj.public.blob.vercel-storage.com/profile/moki_db46f970d2273efccb0f4a6ffc3e7525992d3c68994b147e5f6b66e2374d134a_300x300.png&quot;,https://5rH8sf3XHWbNEbyj.public.blob.vercel-storage.com/thumbnail/moki_db46f970d2273efccb0f4a6ffc3e7525992d3c68994b147e5f6b66e2374d134a_64x64.png,Champion,1,2026-02-27 07:44 UTC
27,THANK U 4 PLAYIN,1055,16665,Sprinter,Legendary,42.00,574.03,402.61,262.00,41.00,&quot;https://5rH8sf3XHWbNEbyj.public.blob.vercel-storage.com/profile/moki_2eb550b90059e71cbe70974992dcf01007d8e3f687f64276a6d1d46c74ca3e8e_300x300.png&quot;,https://5rH8sf3XHWbNEbyj.public.blob.vercel-storage.com/thumbnail/moki_2eb550b90059e71cbe70974992dcf01007d8e3f687f64276a6d1d46c74ca3e8e_64x64.png,Champion,1,2026-02-27 07:44 UTC
28,Shado,8887,16630,Center,Legendary,300.45,379.35,400.45,39.00,300.27,&quot;https://5rH8sf3XHWbNEbyj.public.blob.vercel-storage.com/profile/moki_94491afd09f0c35157e95dee5606dc367806abaff210a8e3006b58557309a8ef_300x300.png&quot;,https://5rH8sf3XHWbNEbyj.public.blob.vercel-storage.com/thumbnail/moki_94491afd09f0c35157e95dee5606dc367806abaff210a8e3006b58557309a8ef_64x64.png,Champion,1,2026-02-27 07:44 UTC
29,Teardrop,392,16630,Defender,Legendary,254.00,354.85,461.00,97.65,71.35,&quot;https://5rH8sf3XHWbNEbyj.public.blob.vercel-storage.com/profile/moki_Teardrop_300x300.png&quot;,https://5rH8sf3XHWbNEbyj.public.blob.vercel-storage.com/thumbnail/moki_Teardrop_64x64.png,Champion,1,2026-02-27 07:44 UTC
30,Banana Mogger,807,16605,Defender,Legendary,233.00,270.45,532.08,33.28,16.00,&quot;https://5rH8sf3XHWbNEbyj.public.blob.vercel-storage.com/profile/moki_921564b2ac23d177f500c7f55fc2c4fcead0a7d36cb2167bb73b96e169ea8f82_300x300.png&quot;,https://5rH8sf3XHWbNEbyj.public.blob.vercel-storage.com/thumbnail/moki_921564b2ac23d177f500c7f55fc2c4fcead0a7d36cb2167bb73b96e169ea8f82_64x64.png,Champion,1,2026-02-27 07:44 UTC
31,Cry Bunny,3563,16465,Defender,Legendary,312.41,351.43,560.76,58.00,45.00,&quot;https://5rH8sf3XHWbNEbyj.public.blob.vercel-storage.com/profile/moki_edc0fb0fad533c6a95fa84570ee20ac098e1f03ed1b0ea03af5ebe7ed49f332f_300x300.png&quot;,https://5rH8sf3XHWbNEbyj.public.blob.vercel-storage.com/thumbnail/moki_edc0fb0fad533c6a95fa84570ee20ac098e1f03ed1b0ea03af5ebe7ed49f332f_64x64.png,Champion,1,2026-02-27 07:44 UTC
32,Goldilocks,523,16445,Defender,Legendary,251.70,302.63,594.07,44.00,50.00,&quot;https://5rH8sf3XHWbNEbyj.public.blob.vercel-storage.com/profile/moki_37ed6cf852a79b9de2450085015da8bcdac73bc287753effbd959261f1462ef9_300x300.png&quot;,https://5rH8sf3XHWbNEbyj.public.blob.vercel-storage.com/thumbnail/moki_37ed6cf852a79b9de2450085015da8bcdac73bc287753effbd959261f1462ef9_64x64.png,Champion,1,2026-02-27 07:44 UTC
33,Amber,3836,16400,Striker,Legendary,25.00,407.40,56.30,503.62,263.30,&quot;https://5rH8sf3XHWbNEbyj.public.blob.vercel-storage.com/profile/moki_ec13342d2b9a2ed978b63b2704be77fd9dc9fd1c9b6a12f4926a9785618a9ab0_300x300.png&quot;,https://5rH8sf3XHWbNEbyj.public.blob.vercel-storage.com/thumbnail/moki_ec13342d2b9a2ed978b63b2704be77fd9dc9fd1c9b6a12f4926a9785618a9ab0_64x64.png,Champion,1,2026-02-27 07:44 UTC
34,BadAss,1173,16370,Defender,Legendary,265.00,326.92,566.54,46.00,77.00,&quot;https://5rH8sf3XHWbNEbyj.public.blob.vercel-storage.com/profile/moki_c48761e38cad3ae82571c885cb4fd4b9c8376e61dcd67b6cc21686cbefa9363f_300x300.png&quot;,https://5rH8sf3XHWbNEbyj.public.blob.vercel-storage.com/thumbnail/moki_c48761e38cad3ae82571c885cb4fd4b9c8376e61dcd67b6cc21686cbefa9363f_64x64.png,Champion,1,2026-02-27 07:44 UTC
35,Rynnie,8509,16365,Defender,Legendary,268.78,357.81,554.12,35.00,38.10,&quot;https://5rH8sf3XHWbNEbyj.public.blob.vercel-storage.com/profile/moki_0a97c1ed94a81da87745d85bf24d4eb53bee94464502198f097ba889b3877af2_300x300.png&quot;,https://5rH8sf3XHWbNEbyj.public.blob.vercel-storage.com/thumbnail/moki_0a97c1ed94a81da87745d85bf24d4eb53bee94464502198f097ba889b3877af2_64x64.png,Champion,1,2026-02-27 07:44 UTC
36,Fernecito,5710,16350,Striker,Legendary,27.00,317.15,35.00,491.52,288.32,&quot;https://5rH8sf3XHWbNEbyj.public.blob.vercel-storage.com/profile/moki_f38d9c0123af3e24e42b3692de373a8cea9f5b602f42b7a59a40191c59fc1943_300x300.png&quot;,https://5rH8sf3XHWbNEbyj.public.blob.vercel-storage.com/thumbnail/moki_f38d9c0123af3e24e42b3692de373a8cea9f5b602f42b7a59a40191c59fc1943_64x64.png,Champion,1,2026-02-27 07:44 UTC
37,Lil Tomato,1071,16310,Defender,Legendary,218.00,266.48,485.50,64.25,165.02,&quot;https://5rH8sf3XHWbNEbyj.public.blob.vercel-storage.com/profile/moki_877dd4b238d6376f3f62f69eca0770a7cb6d9305e2a152f152a9520a6942357c_300x300.png&quot;,https://5rH8sf3XHWbNEbyj.public.blob.vercel-storage.com/thumbnail/moki_877dd4b238d6376f3f62f69eca0770a7cb6d9305e2a152f152a9520a6942357c_64x64.png,Champion,1,2026-02-27 07:44 UTC
38,Palmer,8277,16285,Sprinter,Legendary,68.62,576.37,324.41,266.89,63.00,&quot;https://5rH8sf3XHWbNEbyj.public.blob.vercel-storage.com/profile/moki_806ca9c12e26c069f3af76e276c592aa085b71bf04f7f01a45bd7dcca3946fb2_300x300.png&quot;,https://5rH8sf3XHWbNEbyj.public.blob.vercel-storage.com/thumbnail/moki_806ca9c12e26c069f3af76e276c592aa085b71bf04f7f01a45bd7dcca3946fb2_64x64.png,Champion,1,2026-02-27 07:44 UTC
39,SuperMagus,235,16285,Defender,Legendary,300.08,301.02,531.22,89.15,83.77,&quot;https://5rH8sf3XHWbNEbyj.public.blob.vercel-storage.com/profile/moki_bc9f5d635d63accf8397e9cb8084618e1bfe394eae181cfe518b636b555c7ce6_300x300.png&quot;,https://5rH8sf3XHWbNEbyj.public.blob.vercel-storage.com/thumbnail/moki_bc9f5d635d63accf8397e9cb8084618e1bfe394eae181cfe518b636b555c7ce6_64x64.png,Champion,1,2026-02-27 07:44 UTC
40,DUNG SHOGUN,368,16200,Defender,Legendary,260.00,362.57,550.11,45.00,82.89,&quot;https://5rH8sf3XHWbNEbyj.public.blob.vercel-storage.com/profile/moki_0556cf47cb22844c987e7d6be4c841d1e5bc873fc464859e87dda551e7988257_300x300.png&quot;,https://5rH8sf3XHWbNEbyj.public.blob.vercel-storage.com/thumbnail/moki_0556cf47cb22844c987e7d6be4c841d1e5bc873fc464859e87dda551e7988257_64x64.png,Champion,1,2026-02-27 07:44 UTC
41,Fishoo,8316,16195,Bruiser,Legendary,496.95,19.00,220.00,31.00,220.00,&quot;https://5rH8sf3XHWbNEbyj.public.blob.vercel-storage.com/profile/moki_ca354668d6f60c07bd6f57a736213f77bde1362fdcac38406b7fa05f182af9f1_300x300.png&quot;,https://5rH8sf3XHWbNEbyj.public.blob.vercel-storage.com/thumbnail/moki_ca354668d6f60c07bd6f57a736213f77bde1362fdcac38406b7fa05f182af9f1_64x64.png,Champion,1,2026-02-27 07:44 UTC
42,Garrison,6142,16150,Striker,Legendary,69.00,362.43,60.00,535.29,343.05,&quot;https://5rH8sf3XHWbNEbyj.public.blob.vercel-storage.com/profile/moki_a75a4829aacec512d7d2c3ed1816bb49e280681d502a433bfafd1f52f45df932_300x300.png&quot;,https://5rH8sf3XHWbNEbyj.public.blob.vercel-storage.com/thumbnail/moki_a75a4829aacec512d7d2c3ed1816bb49e280681d502a433bfafd1f52f45df932_64x64.png,Champion,1,2026-02-27 07:44 UTC
43,Maomao,7858,16145,Defender,Legendary,221.00,333.99,555.81,17.00,43.90,&quot;https://5rH8sf3XHWbNEbyj.public.blob.vercel-storage.com/profile/moki_240a4fd6ffe669bf53dbd887ae61d11f8b051ba982ec90378ff49a113849bfbc_300x300.png&quot;,https://5rH8sf3XHWbNEbyj.public.blob.vercel-storage.com/thumbnail/moki_240a4fd6ffe669bf53dbd887ae61d11f8b051ba982ec90378ff49a113849bfbc_64x64.png,Champion,1,2026-02-27 07:44 UTC
44,KingOfRatz,4509,16095,Defender,Legendary,350.37,356.82,560.32,61.00,65.00,&quot;https://5rH8sf3XHWbNEbyj.public.blob.vercel-storage.com/profile/moki_KingOfRatz_300x300.png&quot;,https://5rH8sf3XHWbNEbyj.public.blob.vercel-storage.com/thumbnail/moki_KingOfRatz_64x64.png,Champion,1,2026-02-27 07:44 UTC
45,Tamanuki,8579,16050,Striker,Legendary,71.00,275.00,47.00,472.00,260.00,&quot;https://5rH8sf3XHWbNEbyj.public.blob.vercel-storage.com/profile/moki_Tamanuki_300x300.png&quot;,https://5rH8sf3XHWbNEbyj.public.blob.vercel-storage.com/thumbnail/moki_Tamanuki_64x64.png,Champion,1,2026-02-27 07:44 UTC
46,24K,6821,16035,Defender,Legendary,250.93,340.96,542.89,30.00,27.00,&quot;https://5rH8sf3XHWbNEbyj.public.blob.vercel-storage.com/profile/moki_3adb82204c485cb46e5b46141720378203da79046a69bbb76d7f74ad6c879a75_300x300.png&quot;,https://5rH8sf3XHWbNEbyj.public.blob.vercel-storage.com/thumbnail/moki_3adb82204c485cb46e5b46141720378203da79046a69bbb76d7f74ad6c879a75_64x64.png,Champion,1,2026-02-27 07:44 UTC
47,Antithei,6191,16000,Striker,Legendary,62.00,339.94,52.00,592.66,320.18,&quot;https://5rH8sf3XHWbNEbyj.public.blob.vercel-storage.com/profile/moki_f30bb2687e46904b45586f97228391c3cc43ce62e2203359c2bc13131b89be3f_300x300.png&quot;,https://5rH8sf3XHWbNEbyj.public.blob.vercel-storage.com/thumbnail/moki_f30bb2687e46904b45586f97228391c3cc43ce62e2203359c2bc13131b89be3f_64x64.png,Champion,1,2026-02-27 07:44 UTC
48,The Last Samurai,3186,16000,Striker,Legendary,36.00,352.27,64.00,510.66,302.15,&quot;https://5rH8sf3XHWbNEbyj.public.blob.vercel-storage.com/profile/moki_bd6446218817cd17333b71a96e52ce899c718bfc54e361e0c54dfc7a8ff31f32_300x300.png&quot;,https://5rH8sf3XHWbNEbyj.public.blob.vercel-storage.com/thumbnail/moki_bd6446218817cd17333b71a96e52ce899c718bfc54e361e0c54dfc7a8ff31f32_64x64.png,Champion,1,2026-02-27 07:44 UTC
49,Migatte Seishin,8575,15975,Defender,Legendary,244.00,321.64,601.72,52.00,50.00,&quot;https://5rH8sf3XHWbNEbyj.public.blob.vercel-storage.com/profile/moki_d1ca705b639efcfd20bdb090b56fbe1e40bba3c4641897e8cb2d3636251bf3c2_300x300.png&quot;,https://5rH8sf3XHWbNEbyj.public.blob.vercel-storage.com/thumbnail/moki_d1ca705b639efcfd20bdb090b56fbe1e40bba3c4641897e8cb2d3636251bf3c2_64x64.png,Champion,1,2026-02-27 07:44 UTC
50,Mr Teabag,1863,15970,Bruiser,Legendary,561.11,62.50,216.00,67.66,217.00,&quot;https://5rH8sf3XHWbNEbyj.public.blob.vercel-storage.com/profile/moki_47add106ee19c3beedd1d76ca8723a983397e8bb3d3d458cd9a06c3462e70b25_300x300.png&quot;,https://5rH8sf3XHWbNEbyj.public.blob.vercel-storage.com/thumbnail/moki_47add106ee19c3beedd1d76ca8723a983397e8bb3d3d458cd9a06c3462e70b25_64x64.png,Champion,1,2026-02-27 07:44 UTC
51,Filthy,6009,15950,Striker,Legendary,68.39,306.17,63.00,575.85,289.50,&quot;https://5rH8sf3XHWbNEbyj.public.blob.vercel-storage.com/profile/moki_f0b548f765006fcce90660c30b027b6a3042ee1906be395067b1824046a4f288_300x300.png&quot;,https://5rH8sf3XHWbNEbyj.public.blob.vercel-storage.com/thumbnail/moki_f0b548f765006fcce90660c30b027b6a3042ee1906be395067b1824046a4f288_64x64.png,Champion,1,2026-02-27 07:44 UTC
52,Lucid,3185,15950,Sprinter,Legendary,30.00,531.51,300.55,235.00,30.00,&quot;https://5rH8sf3XHWbNEbyj.public.blob.vercel-storage.com/profile/moki_985d7e7dfeb0003d5381ec9880d83b848a4f037dde9f7eef8c54922b35da2d59_300x300.png&quot;,https://5rH8sf3XHWbNEbyj.public.blob.vercel-storage.com/thumbnail/moki_985d7e7dfeb0003d5381ec9880d83b848a4f037dde9f7eef8c54922b35da2d59_64x64.png,Champion,1,2026-02-27 07:44 UTC
53,Samurai Boi,2660,15950,Striker,Legendary,34.00,259.70,23.00,518.77,239.01,&quot;https://5rH8sf3XHWbNEbyj.public.blob.vercel-storage.com/profile/moki_400ed368893cda4578fa034e62c1671ccd92167697bc273894940ed4ed73e9af_300x300.png&quot;,https://5rH8sf3XHWbNEbyj.public.blob.vercel-storage.com/thumbnail/moki_400ed368893cda4578fa034e62c1671ccd92167697bc273894940ed4ed73e9af_64x64.png,Champion,1,2026-02-27 07:44 UTC
54,Kuroshi,6025,15945,Defender,Legendary,252.65,315.07,537.78,54.21,62.80,&quot;https://5rH8sf3XHWbNEbyj.public.blob.vercel-storage.com/profile/moki_8a95f752b77cff1531e8597673958557c799485a9e645371a77e3a123fcacade_300x300.png&quot;,https://5rH8sf3XHWbNEbyj.public.blob.vercel-storage.com/thumbnail/moki_8a95f752b77cff1531e8597673958557c799485a9e645371a77e3a123fcacade_64x64.png,Champion,1,2026-02-27 07:44 UTC
55,Moki Fanatic,3722,15935,Sprinter,Legendary,26.00,480.65,304.40,229.00,35.81,&quot;https://5rH8sf3XHWbNEbyj.public.blob.vercel-storage.com/profile/moki_2831435a95b44a3ca6e772de41581658551e8eeb13cb7c0abbf5243112a1f763_300x300.png&quot;,https://5rH8sf3XHWbNEbyj.public.blob.vercel-storage.com/thumbnail/moki_2831435a95b44a3ca6e772de41581658551e8eeb13cb7c0abbf5243112a1f763_64x64.png,Champion,1,2026-02-27 07:44 UTC
56,I WILL FARM U,8401,15925,Center,Legendary,400.02,300.31,385.31,58.00,300.58,&quot;https://5rH8sf3XHWbNEbyj.public.blob.vercel-storage.com/profile/moki_54248d1af2446036cd4fbe6913037611bd32470dbeae49120c3d52fa50399189_300x300.png&quot;,https://5rH8sf3XHWbNEbyj.public.blob.vercel-storage.com/thumbnail/moki_54248d1af2446036cd4fbe6913037611bd32470dbeae49120c3d52fa50399189_64x64.png,Champion,1,2026-02-27 07:44 UTC
57,Borealis,7958,15900,Striker,Legendary,57.33,377.33,55.00,567.09,310.25,&quot;https://5rH8sf3XHWbNEbyj.public.blob.vercel-storage.com/profile/moki_Borealis_300x300.png&quot;,https://5rH8sf3XHWbNEbyj.public.blob.vercel-storage.com/thumbnail/moki_Borealis_64x64.png,Champion,1,2026-02-27 07:44 UTC
58,Rae,5925,15900,Grinder,Legendary,217.33,47.60,13.00,247.79,450.05,&quot;https://5rH8sf3XHWbNEbyj.public.blob.vercel-storage.com/profile/moki_6e40e00506bd948ef0d686b78abefc1194fa566426f7e84698dbe69ebda62dab_300x300.png&quot;,https://5rH8sf3XHWbNEbyj.public.blob.vercel-storage.com/thumbnail/moki_6e40e00506bd948ef0d686b78abefc1194fa566426f7e84698dbe69ebda62dab_64x64.png,Champion,1,2026-02-27 07:44 UTC
59,Shine,857,15890,Sprinter,Legendary,5.00,469.27,333.23,232.00,22.00,&quot;https://5rH8sf3XHWbNEbyj.public.blob.vercel-storage.com/profile/moki_ccc6992a86fcf6cd3ece8bcf400bd50694f66125ba3655512ed5780bf11bd560_300x300.png&quot;,https://5rH8sf3XHWbNEbyj.public.blob.vercel-storage.com/thumbnail/moki_ccc6992a86fcf6cd3ece8bcf400bd50694f66125ba3655512ed5780bf11bd560_64x64.png,Champion,1,2026-02-27 07:44 UTC
60,Uni,5890,15880,Defender,Legendary,214.00,231.84,436.71,29.00,13.00,&quot;https://5rH8sf3XHWbNEbyj.public.blob.vercel-storage.com/profile/moki_a5236f40033aa83450cfb124ef44cca3dfd07d1b08872862dacea18bffbf6c64_300x300.png&quot;,https://5rH8sf3XHWbNEbyj.public.blob.vercel-storage.com/thumbnail/moki_a5236f40033aa83450cfb124ef44cca3dfd07d1b08872862dacea18bffbf6c64_64x64.png,Champion,1,2026-02-27 07:44 UTC
61,Krampy,7215,15875,Defender,Legendary,241.00,308.99,526.52,22.00,38.00,&quot;https://5rH8sf3XHWbNEbyj.public.blob.vercel-storage.com/profile/moki_eec649dd217bafce632f71d5985f726357983cfcfea44646bb399d0c35e73299_300x300.png&quot;,https://5rH8sf3XHWbNEbyj.public.blob.vercel-storage.com/thumbnail/moki_eec649dd217bafce632f71d5985f726357983cfcfea44646bb399d0c35e73299_64x64.png,Champion,1,2026-02-27 07:44 UTC
62,Long Dinger,3432,15870,Sprinter,Legendary,29.95,522.70,330.28,227.00,4.67,&quot;https://5rH8sf3XHWbNEbyj.public.blob.vercel-storage.com/profile/moki_8624efbb95ac650514e754d5a02c094fec8f6a7af0f562178b4c9cfa572cecea_300x300.png&quot;,https://5rH8sf3XHWbNEbyj.public.blob.vercel-storage.com/thumbnail/moki_8624efbb95ac650514e754d5a02c094fec8f6a7af0f562178b4c9cfa572cecea_64x64.png,Champion,1,2026-02-27 07:44 UTC
63,Kintama,7360,15850,Striker,Legendary,40.00,345.52,74.00,554.02,277.32,&quot;https://5rH8sf3XHWbNEbyj.public.blob.vercel-storage.com/profile/moki_Kintama_300x300.png&quot;,https://5rH8sf3XHWbNEbyj.public.blob.vercel-storage.com/thumbnail/moki_Kintama_64x64.png,Champion,1,2026-02-27 07:44 UTC
64,Bloodmoon,539,15830,Defender,Legendary,224.00,320.39,527.38,21.00,18.00,&quot;https://5rH8sf3XHWbNEbyj.public.blob.vercel-storage.com/profile/moki_bbf5912ceb529d74ad5297fd8eeff2fdf02940e5cb8083de0b10f1aacf5ac408_300x300.png&quot;,https://5rH8sf3XHWbNEbyj.public.blob.vercel-storage.com/thumbnail/moki_bbf5912ceb529d74ad5297fd8eeff2fdf02940e5cb8083de0b10f1aacf5ac408_64x64.png,Champion,1,2026-02-27 07:44 UTC
65,Chef Maki,7008,15770,Defender,Legendary,268.00,383.49,500.77,51.00,47.00,&quot;https://5rH8sf3XHWbNEbyj.public.blob.vercel-storage.com/profile/moki_5a03dfce261a3a235a92ba93f7e6e58d766f7eca0c1f65094b007161eacb5ebe_300x300.png&quot;,https://5rH8sf3XHWbNEbyj.public.blob.vercel-storage.com/thumbnail/moki_5a03dfce261a3a235a92ba93f7e6e58d766f7eca0c1f65094b007161eacb5ebe_64x64.png,Champion,1,2026-02-27 07:44 UTC
66,Fuoco Fatuo,6882,15765,Defender,Legendary,256.47,398.26,600.00,39.00,56.00,&quot;https://5rH8sf3XHWbNEbyj.public.blob.vercel-storage.com/profile/moki_f620392b8cb98feb002531ac076c78a226fe858f3bc430d45bfc85e8f52e7734_300x300.png&quot;,https://5rH8sf3XHWbNEbyj.public.blob.vercel-storage.com/thumbnail/moki_f620392b8cb98feb002531ac076c78a226fe858f3bc430d45bfc85e8f52e7734_64x64.png,Champion,1,2026-02-27 07:44 UTC
67,Dango,6300,15750,Striker,Legendary,22.00,228.67,33.96,550.14,242.00,&quot;https://5rH8sf3XHWbNEbyj.public.blob.vercel-storage.com/profile/moki_9f638a289702bde28f962c34282538aad267b2d6a1151352b37b3c0a53784f41_300x300.png&quot;,https://5rH8sf3XHWbNEbyj.public.blob.vercel-storage.com/thumbnail/moki_9f638a289702bde28f962c34282538aad267b2d6a1151352b37b3c0a53784f41_64x64.png,Champion,1,2026-02-27 07:44 UTC
68,POOtaTurd,818,15705,Sprinter,Legendary,49.00,580.89,400.33,279.87,65.00,&quot;https://5rH8sf3XHWbNEbyj.public.blob.vercel-storage.com/profile/moki_b3501f0b213ca439a1ffa1ecf0b4d7934501f502efdf2062a027fb9a750c564c_300x300.png&quot;,https://5rH8sf3XHWbNEbyj.public.blob.vercel-storage.com/thumbnail/moki_b3501f0b213ca439a1ffa1ecf0b4d7934501f502efdf2062a027fb9a750c564c_64x64.png,Champion,1,2026-02-27 07:44 UTC
69,Hoppi,7370,15700,Striker,Legendary,45.00,358.78,46.00,600.24,300.18,&quot;https://5rH8sf3XHWbNEbyj.public.blob.vercel-storage.com/profile/moki_d0cdd9e1716c785d94d7af8e6f7c004338f9ed1e4bd1bb61914e9af6e62aea30_300x300.png&quot;,https://5rH8sf3XHWbNEbyj.public.blob.vercel-storage.com/thumbnail/moki_d0cdd9e1716c785d94d7af8e6f7c004338f9ed1e4bd1bb61914e9af6e62aea30_64x64.png,Champion,1,2026-02-27 07:44 UTC
70,MahoShojo,4193,15700,Striker,Legendary,68.00,338.52,38.00,578.55,324.93,&quot;https://5rH8sf3XHWbNEbyj.public.blob.vercel-storage.com/profile/moki_MahoShojo_300x300.png&quot;,https://5rH8sf3XHWbNEbyj.public.blob.vercel-storage.com/thumbnail/moki_MahoShojo_64x64.png,Champion,1,2026-02-27 07:44 UTC
71,MOKIPACK,2288,15690,Striker,Legendary,59.00,370.88,66.00,563.34,346.16,&quot;https://5rH8sf3XHWbNEbyj.public.blob.vercel-storage.com/profile/moki_MOKIPACK_300x300.png&quot;,https://5rH8sf3XHWbNEbyj.public.blob.vercel-storage.com/thumbnail/moki_MOKIPACK_64x64.png,Champion,1,2026-02-27 07:44 UTC
72,Red Whine,5193,15675,Sprinter,Legendary,44.00,573.14,399.56,267.27,41.00,&quot;https://5rH8sf3XHWbNEbyj.public.blob.vercel-storage.com/profile/moki_9a1bf547f3eabc0245bb91505ea822711ae130e66a7a48ade7629cbf3cfaec4c_300x300.png&quot;,https://5rH8sf3XHWbNEbyj.public.blob.vercel-storage.com/thumbnail/moki_9a1bf547f3eabc0245bb91505ea822711ae130e66a7a48ade7629cbf3cfaec4c_64x64.png,Champion,1,2026-02-27 07:44 UTC
73,Mokiwitch,962,15645,Defender,Legendary,297.00,298.61,576.07,67.04,99.36,&quot;https://5rH8sf3XHWbNEbyj.public.blob.vercel-storage.com/profile/moki_Mokiwitch_300x300.png&quot;,https://5rH8sf3XHWbNEbyj.public.blob.vercel-storage.com/thumbnail/moki_Mokiwitch_64x64.png,Champion,1,2026-02-27 07:44 UTC
74,SinTank,2485,15635,Striker,Legendary,25.70,293.83,83.54,440.20,266.85,&quot;https://5rH8sf3XHWbNEbyj.public.blob.vercel-storage.com/profile/moki_d8cb0a32e41ce68f8e6fbccb7ddf32e8732f6a70f9ae35a755b662d39cfcb2cc_300x300.png&quot;,https://5rH8sf3XHWbNEbyj.public.blob.vercel-storage.com/thumbnail/moki_d8cb0a32e41ce68f8e6fbccb7ddf32e8732f6a70f9ae35a755b662d39cfcb2cc_64x64.png,Champion,1,2026-02-27 07:44 UTC
75,The Destroyer,5232,15600,Striker,Legendary,17.00,215.00,36.00,481.58,211.00,&quot;https://5rH8sf3XHWbNEbyj.public.blob.vercel-storage.com/profile/moki_db39eb849e2dd91f23a4e7a96cf5ea3dce05bfbaece1975c3585fece735da69f_300x300.png&quot;,https://5rH8sf3XHWbNEbyj.public.blob.vercel-storage.com/thumbnail/moki_db39eb849e2dd91f23a4e7a96cf5ea3dce05bfbaece1975c3585fece735da69f_64x64.png,Champion,1,2026-02-27 07:44 UTC
76,Fortune Gobbler,1176,15600,Striker,Legendary,42.00,352.09,47.00,545.71,320.16,&quot;https://5rH8sf3XHWbNEbyj.public.blob.vercel-storage.com/profile/moki_e8e80db5e14e478dd49e1fae3ed5a3c1647a2351cf00ad56efb93440eecbf95d_300x300.png&quot;,https://5rH8sf3XHWbNEbyj.public.blob.vercel-storage.com/thumbnail/moki_e8e80db5e14e478dd49e1fae3ed5a3c1647a2351cf00ad56efb93440eecbf95d_64x64.png,Champion,1,2026-02-27 07:44 UTC
77,Stone of David,1749,15520,Striker,Legendary,16.00,347.44,17.00,439.65,229.09,&quot;https://5rH8sf3XHWbNEbyj.public.blob.vercel-storage.com/profile/moki_96f82d51af19b26c9b29ef07f4a8c1ef632a29dbc5f1094942f1d4d0192c373e_300x300.png&quot;,https://5rH8sf3XHWbNEbyj.public.blob.vercel-storage.com/thumbnail/moki_96f82d51af19b26c9b29ef07f4a8c1ef632a29dbc5f1094942f1d4d0192c373e_64x64.png,Champion,1,2026-02-27 07:44 UTC
78,Sam Nielbyyy,7247,15515,Defender,Legendary,273.00,348.55,556.46,48.00,45.00,&quot;https://5rH8sf3XHWbNEbyj.public.blob.vercel-storage.com/profile/moki_d82ab06ebd9710bea84e8eacf3af371d25771dbb591f9400994836ea3550cfaa_300x300.png&quot;,https://5rH8sf3XHWbNEbyj.public.blob.vercel-storage.com/thumbnail/moki_d82ab06ebd9710bea84e8eacf3af371d25771dbb591f9400994836ea3550cfaa_64x64.png,Champion,1,2026-02-27 07:44 UTC
79,Mokuhadely,2661,15500,Striker,Legendary,60.00,322.69,83.00,565.27,316.66,&quot;https://5rH8sf3XHWbNEbyj.public.blob.vercel-storage.com/profile/moki_Mokuhadely_300x300.png&quot;,https://5rH8sf3XHWbNEbyj.public.blob.vercel-storage.com/thumbnail/moki_Mokuhadely_64x64.png,Champion,1,2026-02-27 07:44 UTC
80,Trippy,73,15500,Striker,Legendary,46.00,325.38,50.99,514.28,279.61,&quot;https://5rH8sf3XHWbNEbyj.public.blob.vercel-storage.com/profile/moki_99b45c6a6ce5734f1afe0c0c0ac6eed00b346267bf54c183147c251482b61327_300x300.png&quot;,https://5rH8sf3XHWbNEbyj.public.blob.vercel-storage.com/thumbnail/moki_99b45c6a6ce5734f1afe0c0c0ac6eed00b346267bf54c183147c251482b61327_64x64.png,Champion,1,2026-02-27 07:44 UTC
81,Karpathy,6293,15465,Bruiser,Legendary,554.07,32.00,251.01,49.66,233.00,&quot;https://5rH8sf3XHWbNEbyj.public.blob.vercel-storage.com/profile/moki_17131971a5991966f0125eca542ca3e663ea7d6bccfed5a97bc57ed05f91cc86_300x300.png&quot;,https://5rH8sf3XHWbNEbyj.public.blob.vercel-storage.com/thumbnail/moki_17131971a5991966f0125eca542ca3e663ea7d6bccfed5a97bc57ed05f91cc86_64x64.png,Champion,1,2026-02-27 07:44 UTC
82,Fire Moki,5125,15430,Sprinter,Legendary,77.00,576.09,375.05,260.13,86.80,&quot;https://5rH8sf3XHWbNEbyj.public.blob.vercel-storage.com/profile/moki_FireMoki_300x300.png&quot;,https://5rH8sf3XHWbNEbyj.public.blob.vercel-storage.com/thumbnail/moki_FireMoki_64x64.png,Champion,1,2026-02-27 07:44 UTC
83,deadlykitten,4246,15400,Striker,Legendary,46.00,326.58,51.00,508.00,350.34,&quot;https://5rH8sf3XHWbNEbyj.public.blob.vercel-storage.com/profile/moki_e011e379bd81dd0866eebd9d8686794f5ead4bfaec14292d91c4de8396690d0d_300x300.png&quot;,https://5rH8sf3XHWbNEbyj.public.blob.vercel-storage.com/thumbnail/moki_e011e379bd81dd0866eebd9d8686794f5ead4bfaec14292d91c4de8396690d0d_64x64.png,Champion,1,2026-02-27 07:44 UTC
84,Straw Barry,7303,15375,Defender,Legendary,224.00,283.42,486.20,30.00,55.00,&quot;https://5rH8sf3XHWbNEbyj.public.blob.vercel-storage.com/profile/moki_8242b5f72e01caa3dfbf87b50495295a3ee25a67bde3e42214afa776c6b9f574_300x300.png&quot;,https://5rH8sf3XHWbNEbyj.public.blob.vercel-storage.com/thumbnail/moki_8242b5f72e01caa3dfbf87b50495295a3ee25a67bde3e42214afa776c6b9f574_64x64.png,Champion,1,2026-02-27 07:44 UTC
85,Burns Wenipee,1001,15355,Defender,Legendary,241.46,244.23,445.00,38.02,32.00,&quot;https://5rH8sf3XHWbNEbyj.public.blob.vercel-storage.com/profile/moki_f0a4e96834ec84aaaf07ea15992ccbf4f6667c228e60a7b003a6ad09de000858_300x300.png&quot;,https://5rH8sf3XHWbNEbyj.public.blob.vercel-storage.com/thumbnail/moki_f0a4e96834ec84aaaf07ea15992ccbf4f6667c228e60a7b003a6ad09de000858_64x64.png,Champion,1,2026-02-27 07:44 UTC
86,Caipirinha Time,8717,15350,Defender,Legendary,244.00,307.80,512.86,37.00,19.00,&quot;https://5rH8sf3XHWbNEbyj.public.blob.vercel-storage.com/profile/moki_d88e0138e8d76192095181cc2809d3d2808044a2022e269ffa1b912a55c26fad_300x300.png&quot;,https://5rH8sf3XHWbNEbyj.public.blob.vercel-storage.com/thumbnail/moki_d88e0138e8d76192095181cc2809d3d2808044a2022e269ffa1b912a55c26fad_64x64.png,Champion,1,2026-02-27 07:44 UTC
87,soda,2906,15350,Striker,Legendary,60.00,371.75,71.00,540.42,300.92,&quot;https://5rH8sf3XHWbNEbyj.public.blob.vercel-storage.com/profile/moki_soda_300x300.png&quot;,https://5rH8sf3XHWbNEbyj.public.blob.vercel-storage.com/thumbnail/moki_soda_64x64.png,Champion,1,2026-02-27 07:44 UTC
88,69,3527,15315,Sprinter,Legendary,58.00,508.25,425.02,262.57,42.00,&quot;https://5rH8sf3XHWbNEbyj.public.blob.vercel-storage.com/profile/moki_305ff2894ee91b96482221a9e0f908cce7c0b4e8b568bf80add478aa3c4c3197_300x300.png&quot;,https://5rH8sf3XHWbNEbyj.public.blob.vercel-storage.com/thumbnail/moki_305ff2894ee91b96482221a9e0f908cce7c0b4e8b568bf80add478aa3c4c3197_64x64.png,Champion,1,2026-02-27 07:44 UTC
89,Milo Thatch,4813,15305,Defender,Legendary,225.00,332.77,409.33,9.00,32.27,&quot;https://5rH8sf3XHWbNEbyj.public.blob.vercel-storage.com/profile/moki_c88c13e5fc130467fa7f7bd14e6ea9ce7de53575e8ddb8562d3a5525d618b01f_300x300.png&quot;,https://5rH8sf3XHWbNEbyj.public.blob.vercel-storage.com/thumbnail/moki_c88c13e5fc130467fa7f7bd14e6ea9ce7de53575e8ddb8562d3a5525d618b01f_64x64.png,Champion,1,2026-02-27 07:44 UTC
90,Nisheep,5168,15260,Defender,Legendary,277.67,310.14,501.56,25.00,25.00,&quot;https://5rH8sf3XHWbNEbyj.public.blob.vercel-storage.com/profile/moki_dfc7729238f0f2820297c1cad0ad1ec3855f5e2108c8f757d6e00dd01d410554_300x300.png&quot;,https://5rH8sf3XHWbNEbyj.public.blob.vercel-storage.com/thumbnail/moki_dfc7729238f0f2820297c1cad0ad1ec3855f5e2108c8f757d6e00dd01d410554_64x64.png,Champion,1,2026-02-27 07:44 UTC
91,Mushi,3582,15260,Defender,Legendary,232.52,291.09,490.37,37.33,72.92,&quot;https://5rH8sf3XHWbNEbyj.public.blob.vercel-storage.com/profile/moki_232a49aafdcac73b680b66fd342556b3c9eff0ef8091d0b0c698dcb95dab12d7_300x300.png&quot;,https://5rH8sf3XHWbNEbyj.public.blob.vercel-storage.com/thumbnail/moki_232a49aafdcac73b680b66fd342556b3c9eff0ef8091d0b0c698dcb95dab12d7_64x64.png,Champion,1,2026-02-27 07:44 UTC
92,Neuty,4642,15250,Striker,Legendary,17.00,280.32,11.00,460.01,330.41,&quot;https://5rH8sf3XHWbNEbyj.public.blob.vercel-storage.com/profile/moki_6b31ae120274eb17e256e7801b0263225d1498261e65e4dd06ce8008728b9738_300x300.png&quot;,https://5rH8sf3XHWbNEbyj.public.blob.vercel-storage.com/thumbnail/moki_6b31ae120274eb17e256e7801b0263225d1498261e65e4dd06ce8008728b9738_64x64.png,Champion,1,2026-02-27 07:44 UTC
93,Specter,3320,15250,Striker,Legendary,58.00,330.96,42.00,565.08,300.43,&quot;https://5rH8sf3XHWbNEbyj.public.blob.vercel-storage.com/profile/moki_eecb22c7011b3be47e97194374d14fa6dddbadc30b624e0caad1ff40f70cfc33_300x300.png&quot;,https://5rH8sf3XHWbNEbyj.public.blob.vercel-storage.com/thumbnail/moki_eecb22c7011b3be47e97194374d14fa6dddbadc30b624e0caad1ff40f70cfc33_64x64.png,Champion,1,2026-02-27 07:44 UTC
94,Maid of Shadows,8086,15215,Defender,Legendary,255.00,368.65,560.19,49.00,52.00,&quot;https://5rH8sf3XHWbNEbyj.public.blob.vercel-storage.com/profile/moki_0fdb0f4d3be27cff1befb905d2b20e77b1c1e35df099bf7ef49a99c966708a49_300x300.png&quot;,https://5rH8sf3XHWbNEbyj.public.blob.vercel-storage.com/thumbnail/moki_0fdb0f4d3be27cff1befb905d2b20e77b1c1e35df099bf7ef49a99c966708a49_64x64.png,Champion,1,2026-02-27 07:44 UTC
95,Gruyere,7181,15195,Defender,Legendary,270.00,349.39,567.79,61.00,101.43,&quot;https://5rH8sf3XHWbNEbyj.public.blob.vercel-storage.com/profile/moki_Gruyere_300x300.png&quot;,https://5rH8sf3XHWbNEbyj.public.blob.vercel-storage.com/thumbnail/moki_Gruyere_64x64.png,Champion,1,2026-02-27 07:44 UTC
96,Cammyyy,3284,15185,Defender,Legendary,249.94,324.38,545.09,68.48,88.65,&quot;https://5rH8sf3XHWbNEbyj.public.blob.vercel-storage.com/profile/moki_235c9a314918a6603cf62512c232d2d8f0484ffc46b57b78f11a498afc51f3e5_300x300.png&quot;,https://5rH8sf3XHWbNEbyj.public.blob.vercel-storage.com/thumbnail/moki_235c9a314918a6603cf62512c232d2d8f0484ffc46b57b78f11a498afc51f3e5_64x64.png,Champion,1,2026-02-27 07:44 UTC
97,Valkyrie,2730,15180,Striker,Legendary,49.00,397.68,59.00,519.01,339.60,&quot;https://5rH8sf3XHWbNEbyj.public.blob.vercel-storage.com/profile/moki_155687a723c11968a227e0956ccdaa123d4ab999c7d211efb2a037f77b2ebcf6_300x300.png&quot;,https://5rH8sf3XHWbNEbyj.public.blob.vercel-storage.com/thumbnail/moki_155687a723c11968a227e0956ccdaa123d4ab999c7d211efb2a037f77b2ebcf6_64x64.png,Champion,1,2026-02-27 07:44 UTC
98,CitraVale,7947,15150,Sprinter,Legendary,37.00,452.00,254.00,386.00,138.66,&quot;https://5rH8sf3XHWbNEbyj.public.blob.vercel-storage.com/profile/moki_55e0cc1502554636347b20362d902298dcf8cb2131899ca22367375c0c6c3200_300x300.png&quot;,https://5rH8sf3XHWbNEbyj.public.blob.vercel-storage.com/thumbnail/moki_55e0cc1502554636347b20362d902298dcf8cb2131899ca22367375c0c6c3200_64x64.png,Champion,1,2026-02-27 07:44 UTC
99,SMG Loves You,3841,15150,Striker,Legendary,49.00,353.77,45.00,546.45,305.10,&quot;https://5rH8sf3XHWbNEbyj.public.blob.vercel-storage.com/profile/moki_d56d26ec644956177eb555e755c40b8f83c8d3458c6fdf83ff348d7b4b03abfc_300x300.png&quot;,https://5rH8sf3XHWbNEbyj.public.blob.vercel-storage.com/thumbnail/moki_d56d26ec644956177eb555e755c40b8f83c8d3458c6fdf83ff348d7b4b03abfc_64x64.png,Champion,1,2026-02-27 07:44 UTC
100,Tea Bone,670,15120,Defender,Legendary,219.00,295.63,551.17,25.00,21.00,&quot;https://5rH8sf3XHWbNEbyj.public.blob.vercel-storage.com/profile/moki_c598115170e62e11ca5b52d9f732a2ec1769e558d78488512f821a8e398307dc_300x300.png&quot;,https://5rH8sf3XHWbNEbyj.public.blob.vercel-storage.com/thumbnail/moki_c598115170e62e11ca5b52d9f732a2ec1769e558d78488512f821a8e398307dc_64x64.png,Champion,1,2026-02-27 07:44 UTC
1,Moki #4234,4234,7720,Center,Legendary,258.00,245.00,270.59,60.94,258.00,&quot;https://5rH8sf3XHWbNEbyj.public.blob.vercel-storage.com/profile/moki_d8d5efb7c0e2ba6548c61479dea43401abc4cd6b71562edb745f69cb4c20c188_300x300.png&quot;,https://5rH8sf3XHWbNEbyj.public.blob.vercel-storage.com/thumbnail/moki_d8d5efb7c0e2ba6548c61479dea43401abc4cd6b71562edb745f69cb4c20c188_64x64.png,Non-Champion,1,2026-02-27 07:44 UTC
2,Moki #6780,6780,7610,Sprinter,Legendary,22.00,422.00,220.00,215.00,21.00,&quot;https://5rH8sf3XHWbNEbyj.public.blob.vercel-storage.com/profile/moki_958403ab9934b43dfb9b99a154e30d8d34f998cde8d5c59a9fa22cf2f8977d47_300x300.png&quot;,https://5rH8sf3XHWbNEbyj.public.blob.vercel-storage.com/thumbnail/moki_958403ab9934b43dfb9b99a154e30d8d34f998cde8d5c59a9fa22cf2f8977d47_64x64.png,Non-Champion,1,2026-02-27 07:44 UTC
3,Moki #5383,5383,7450,Striker,Legendary,12.00,238.69,16.00,429.82,220.00,&quot;https://5rH8sf3XHWbNEbyj.public.blob.vercel-storage.com/profile/moki_39aeba936b0582fb56d79adc33e411bef9c892a7d081a6899f57de0cd9c88e75_300x300.png&quot;,https://5rH8sf3XHWbNEbyj.public.blob.vercel-storage.com/thumbnail/moki_39aeba936b0582fb56d79adc33e411bef9c892a7d081a6899f57de0cd9c88e75_64x64.png,Non-Champion,1,2026-02-27 07:44 UTC
4,Moki #8513,8513,7415,Bruiser,Legendary,424.00,35.00,204.00,23.00,214.00,&quot;https://5rH8sf3XHWbNEbyj.public.blob.vercel-storage.com/profile/moki_804f4a24c1feda0fa10898d0fb7fd2fb3351092093c05a5c9cb79a5b4469f73c_300x300.png&quot;,https://5rH8sf3XHWbNEbyj.public.blob.vercel-storage.com/thumbnail/moki_804f4a24c1feda0fa10898d0fb7fd2fb3351092093c05a5c9cb79a5b4469f73c_64x64.png,Non-Champion,1,2026-02-27 07:44 UTC
5,Moki #5257,5257,7280,Striker,Legendary,50.00,283.00,59.00,549.79,285.57,&quot;https://5rH8sf3XHWbNEbyj.public.blob.vercel-storage.com/profile/moki_9342e82f5aa87c0b74027bcd2057a500318cbac59737398c5275a95beed289b4_300x300.png&quot;,https://5rH8sf3XHWbNEbyj.public.blob.vercel-storage.com/thumbnail/moki_9342e82f5aa87c0b74027bcd2057a500318cbac59737398c5275a95beed289b4_64x64.png,Non-Champion,1,2026-02-27 07:44 UTC
6,Moki #4140,4140,7280,Grinder,Legendary,305.34,147.44,58.33,239.00,440.00,&quot;https://5rH8sf3XHWbNEbyj.public.blob.vercel-storage.com/profile/moki_e50e53938d0c51aaf143ed27db2ae3c7eaf8287a7508dc58548dd2b31e41a97f_300x300.png&quot;,https://5rH8sf3XHWbNEbyj.public.blob.vercel-storage.com/thumbnail/moki_e50e53938d0c51aaf143ed27db2ae3c7eaf8287a7508dc58548dd2b31e41a97f_64x64.png,Non-Champion,1,2026-02-27 07:44 UTC
7,Moki #5158,5158,7220,Grinder,Legendary,299.93,36.12,69.45,242.23,442.81,&quot;https://5rH8sf3XHWbNEbyj.public.blob.vercel-storage.com/profile/moki_9234b3ff544809dc3410468a9c1c56c896a7865212995d039dcc7b65f46db4c7_300x300.png&quot;,https://5rH8sf3XHWbNEbyj.public.blob.vercel-storage.com/thumbnail/moki_9234b3ff544809dc3410468a9c1c56c896a7865212995d039dcc7b65f46db4c7_64x64.png,Non-Champion,1,2026-02-27 07:44 UTC
8,McYolo,209,7190,Bruiser,Legendary,589.63,45.00,291.01,71.00,267.00,&quot;https://5rH8sf3XHWbNEbyj.public.blob.vercel-storage.com/profile/moki_0c84e96710fe01870bbdc2faba552bb11b39902257db8c970574c12409098b98_300x300.png&quot;,https://5rH8sf3XHWbNEbyj.public.blob.vercel-storage.com/thumbnail/moki_0c84e96710fe01870bbdc2faba552bb11b39902257db8c970574c12409098b98_64x64.png,Non-Champion,1,2026-02-27 07:44 UTC
9,Moki #5815,5815,7140,Center,Legendary,247.67,249.00,237.00,27.00,240.00,&quot;https://5rH8sf3XHWbNEbyj.public.blob.vercel-storage.com/profile/moki_1a59fe9aff04ce8a6ab36b1e4a1c48d2f578eff3cbb69ac7e9475751f87d5a10_300x300.png&quot;,https://5rH8sf3XHWbNEbyj.public.blob.vercel-storage.com/thumbnail/moki_1a59fe9aff04ce8a6ab36b1e4a1c48d2f578eff3cbb69ac7e9475751f87d5a10_64x64.png,Non-Champion,1,2026-02-27 07:44 UTC
10,Moki #6839,6839,7040,Defender,Legendary,226.00,311.94,519.05,14.32,38.83,&quot;https://5rH8sf3XHWbNEbyj.public.blob.vercel-storage.com/profile/moki_498c24ccc3213cfc9da5fd704171f25d9bed4901d498256bea55bea36e71c451_300x300.png&quot;,https://5rH8sf3XHWbNEbyj.public.blob.vercel-storage.com/thumbnail/moki_498c24ccc3213cfc9da5fd704171f25d9bed4901d498256bea55bea36e71c451_64x64.png,Non-Champion,1,2026-02-27 07:44 UTC
11,Moki #3503,3503,7010,Anchor,Legendary,362.32,47.74,243.00,235.00,248.00,&quot;https://5rH8sf3XHWbNEbyj.public.blob.vercel-storage.com/profile/moki_326fb41cd1eee0eb18d4d3f75beff702cd0fdfd3cabeca633a013494aac7ca7f_300x300.png&quot;,https://5rH8sf3XHWbNEbyj.public.blob.vercel-storage.com/thumbnail/moki_326fb41cd1eee0eb18d4d3f75beff702cd0fdfd3cabeca633a013494aac7ca7f_64x64.png,Non-Champion,1,2026-02-27 07:44 UTC
12,Moki #907,907,7010,Forward,Legendary,296.38,294.83,29.99,290.48,271.49,&quot;https://5rH8sf3XHWbNEbyj.public.blob.vercel-storage.com/profile/moki_87d3d0eb07342b8cbf74c0515cf1cef9d5ee9e95e582ad78f61446ab7b5f352c_300x300.png&quot;,https://5rH8sf3XHWbNEbyj.public.blob.vercel-storage.com/thumbnail/moki_87d3d0eb07342b8cbf74c0515cf1cef9d5ee9e95e582ad78f61446ab7b5f352c_64x64.png,Non-Champion,1,2026-02-27 07:44 UTC
13,Tsurugi,2766,7000,Grinder,Legendary,311.80,54.59,75.00,265.00,500.00,&quot;https://5rH8sf3XHWbNEbyj.public.blob.vercel-storage.com/profile/moki_c89d39cc42d13d6c644a9b41f39c415848c697abffee33d94601572f98dac9ed_300x300.png&quot;,https://5rH8sf3XHWbNEbyj.public.blob.vercel-storage.com/thumbnail/moki_c89d39cc42d13d6c644a9b41f39c415848c697abffee33d94601572f98dac9ed_64x64.png,Non-Champion,1,2026-02-27 07:44 UTC
14,Moki #8351,8351,6950,Center,Legendary,245.00,238.00,238.00,14.00,265.00,&quot;https://5rH8sf3XHWbNEbyj.public.blob.vercel-storage.com/profile/moki_b7347ab353010cd8d7c9f695d4046f5117c995d917667e0f3d403012d62e8751_300x300.png&quot;,https://5rH8sf3XHWbNEbyj.public.blob.vercel-storage.com/thumbnail/moki_b7347ab353010cd8d7c9f695d4046f5117c995d917667e0f3d403012d62e8751_64x64.png,Non-Champion,1,2026-02-27 07:44 UTC
15,Moki #5328,5328,6920,Striker,Legendary,17.00,235.00,18.00,408.00,222.00,&quot;https://5rH8sf3XHWbNEbyj.public.blob.vercel-storage.com/profile/moki_073d88f98b178d5c965a63cba6a5ee07628e8fe38b820c532e4a3ffd6046b0eb_300x300.png&quot;,https://5rH8sf3XHWbNEbyj.public.blob.vercel-storage.com/thumbnail/moki_073d88f98b178d5c965a63cba6a5ee07628e8fe38b820c532e4a3ffd6046b0eb_64x64.png,Non-Champion,1,2026-02-27 07:44 UTC
16,Grumpy  Maid,7143,6910,Bruiser,Legendary,549.87,22.33,218.00,14.00,218.00,&quot;https://5rH8sf3XHWbNEbyj.public.blob.vercel-storage.com/profile/moki_70dc6001fb7043f8a7bc9f722c627346477d2418d2df40837e3fdf93edc9ab44_300x300.png&quot;,https://5rH8sf3XHWbNEbyj.public.blob.vercel-storage.com/thumbnail/moki_70dc6001fb7043f8a7bc9f722c627346477d2418d2df40837e3fdf93edc9ab44_64x64.png,Non-Champion,1,2026-02-27 07:44 UTC
17,Moki #4048,4048,6910,Sprinter,Legendary,27.00,417.00,226.00,209.00,21.00,&quot;https://5rH8sf3XHWbNEbyj.public.blob.vercel-storage.com/profile/moki_448b11fd561b4d609ed8c4c148a9c9bdeaf39cd988e3cae97cea1f12d8abd006_300x300.png&quot;,https://5rH8sf3XHWbNEbyj.public.blob.vercel-storage.com/thumbnail/moki_448b11fd561b4d609ed8c4c148a9c9bdeaf39cd988e3cae97cea1f12d8abd006_64x64.png,Non-Champion,1,2026-02-27 07:44 UTC
18,Moki #3433,3433,6905,Flanker,Legendary,303.78,282.02,241.00,245.00,20.00,&quot;https://5rH8sf3XHWbNEbyj.public.blob.vercel-storage.com/profile/moki_355a089570f7e79be256ad494fec98df4eb9460ea0e6963b212fd3849500e74b_300x300.png&quot;,https://5rH8sf3XHWbNEbyj.public.blob.vercel-storage.com/thumbnail/moki_355a089570f7e79be256ad494fec98df4eb9460ea0e6963b212fd3849500e74b_64x64.png,Non-Champion,1,2026-02-27 07:44 UTC
19,Moki #3472,3472,6870,Center,Legendary,265.33,237.67,316.66,23.00,246.00,&quot;https://5rH8sf3XHWbNEbyj.public.blob.vercel-storage.com/profile/moki_27cd347d0781d677a70222284aa1e19cd141550582497ec21cb1512917ccd563_300x300.png&quot;,https://5rH8sf3XHWbNEbyj.public.blob.vercel-storage.com/thumbnail/moki_27cd347d0781d677a70222284aa1e19cd141550582497ec21cb1512917ccd563_64x64.png,Non-Champion,1,2026-02-27 07:44 UTC
20,Moki #2251,2251,6850,Support,Legendary,31.28,286.39,255.29,344.92,252.38,&quot;https://5rH8sf3XHWbNEbyj.public.blob.vercel-storage.com/profile/moki_38b97b6bfceece147496e465bde60042cd1cbb9104c432d64c74c90ef3a4b50b_300x300.png&quot;,https://5rH8sf3XHWbNEbyj.public.blob.vercel-storage.com/thumbnail/moki_38b97b6bfceece147496e465bde60042cd1cbb9104c432d64c74c90ef3a4b50b_64x64.png,Non-Champion,1,2026-02-27 07:44 UTC
21,Moki #1741,1741,6825,Sprinter,Legendary,27.00,430.00,219.00,214.00,10.00,&quot;https://5rH8sf3XHWbNEbyj.public.blob.vercel-storage.com/profile/moki_26bdd2e3c93bc7df29abe4e178a14b8462b56d09f18f81c40dedef82651b1759_300x300.png&quot;,https://5rH8sf3XHWbNEbyj.public.blob.vercel-storage.com/thumbnail/moki_26bdd2e3c93bc7df29abe4e178a14b8462b56d09f18f81c40dedef82651b1759_64x64.png,Non-Champion,1,2026-02-27 07:44 UTC
22,Moki #7377,7377,6815,Flanker,Legendary,351.81,248.58,237.00,253.32,105.61,&quot;https://5rH8sf3XHWbNEbyj.public.blob.vercel-storage.com/profile/moki_5312686f57f6260991b87f0b365ce0a8b517701e6cb32e31502834e27991764c_300x300.png&quot;,https://5rH8sf3XHWbNEbyj.public.blob.vercel-storage.com/thumbnail/moki_5312686f57f6260991b87f0b365ce0a8b517701e6cb32e31502834e27991764c_64x64.png,Non-Champion,1,2026-02-27 07:44 UTC
23,Moki #6113,6113,6810,Forward,Legendary,271.18,380.09,16.00,250.00,255.32,&quot;https://5rH8sf3XHWbNEbyj.public.blob.vercel-storage.com/profile/moki_6b5ab9819580dbf356b0232d805bee2ceb5148ea2ff6a69579e4b90e99063287_300x300.png&quot;,https://5rH8sf3XHWbNEbyj.public.blob.vercel-storage.com/thumbnail/moki_6b5ab9819580dbf356b0232d805bee2ceb5148ea2ff6a69579e4b90e99063287_64x64.png,Non-Champion,1,2026-02-27 07:44 UTC
24,Moki #4259,4259,6810,Sprinter,Legendary,10.00,434.00,217.00,221.00,18.00,&quot;https://5rH8sf3XHWbNEbyj.public.blob.vercel-storage.com/profile/moki_87f07e87ac1bf508c6f3e0595dff083c8696e46434572a8f6e1c205ec3e4e20c_300x300.png&quot;,https://5rH8sf3XHWbNEbyj.public.blob.vercel-storage.com/thumbnail/moki_87f07e87ac1bf508c6f3e0595dff083c8696e46434572a8f6e1c205ec3e4e20c_64x64.png,Non-Champion,1,2026-02-27 07:44 UTC
25,Moki #252,252,6800,Grinder,Legendary,225.53,118.86,24.10,279.15,454.25,&quot;https://5rH8sf3XHWbNEbyj.public.blob.vercel-storage.com/profile/moki_f41a71193a26d47469841b637c84450b15c9d70334068261522acb9d7b614c2d_300x300.png&quot;,https://5rH8sf3XHWbNEbyj.public.blob.vercel-storage.com/thumbnail/moki_f41a71193a26d47469841b637c84450b15c9d70334068261522acb9d7b614c2d_64x64.png,Non-Champion,1,2026-02-27 07:44 UTC
26,Moki #2242,2242,6790,Bruiser,Legendary,524.82,25.04,262.12,25.18,231.38,&quot;https://5rH8sf3XHWbNEbyj.public.blob.vercel-storage.com/profile/moki_841bd3a97c74d3fbcdf4672d10444fadebe605688191db7daa5871d4b8c1e50f_300x300.png&quot;,https://5rH8sf3XHWbNEbyj.public.blob.vercel-storage.com/thumbnail/moki_841bd3a97c74d3fbcdf4672d10444fadebe605688191db7daa5871d4b8c1e50f_64x64.png,Non-Champion,1,2026-02-27 07:44 UTC
27,Moki #374,374,6790,Bruiser,Legendary,435.96,21.00,214.00,19.00,222.00,&quot;https://5rH8sf3XHWbNEbyj.public.blob.vercel-storage.com/profile/moki_24cae7c247e369ada6eee23c70064bffd16b1f4dd78aa3b95b270a0ca837496d_300x300.png&quot;,https://5rH8sf3XHWbNEbyj.public.blob.vercel-storage.com/thumbnail/moki_24cae7c247e369ada6eee23c70064bffd16b1f4dd78aa3b95b270a0ca837496d_64x64.png,Non-Champion,1,2026-02-27 07:44 UTC
28,Moki #6632,6632,6785,Forward,Legendary,265.29,260.00,22.00,233.00,242.00,&quot;https://5rH8sf3XHWbNEbyj.public.blob.vercel-storage.com/profile/moki_2a2e7b1db6ec593f20b0721591cdc74d7f6b74aebc7632a0ece4ce67f08cdba2_300x300.png&quot;,https://5rH8sf3XHWbNEbyj.public.blob.vercel-storage.com/thumbnail/moki_2a2e7b1db6ec593f20b0721591cdc74d7f6b74aebc7632a0ece4ce67f08cdba2_64x64.png,Non-Champion,1,2026-02-27 07:44 UTC
29,Moki #3276,3276,6780,Bruiser,Legendary,421.00,35.00,218.00,8.00,218.00,&quot;https://5rH8sf3XHWbNEbyj.public.blob.vercel-storage.com/profile/moki_201fe2a47e28834f50ccf9cd17a63f22d6285433d00d57abe340ca9af2c7ab2d_300x300.png&quot;,https://5rH8sf3XHWbNEbyj.public.blob.vercel-storage.com/thumbnail/moki_201fe2a47e28834f50ccf9cd17a63f22d6285433d00d57abe340ca9af2c7ab2d_64x64.png,Non-Champion,1,2026-02-27 07:44 UTC
30,Moki #4343,4343,6750,Striker,Legendary,3.00,231.64,23.00,563.17,220.00,&quot;https://5rH8sf3XHWbNEbyj.public.blob.vercel-storage.com/profile/moki_5cbb41a504d592da722c86368a867871539ce8bdfde1cb7fa42fe96249236aa3_300x300.png&quot;,https://5rH8sf3XHWbNEbyj.public.blob.vercel-storage.com/thumbnail/moki_5cbb41a504d592da722c86368a867871539ce8bdfde1cb7fa42fe96249236aa3_64x64.png,Non-Champion,1,2026-02-27 07:44 UTC
31,Moki #4879,4879,6745,Grinder,Legendary,237.08,115.73,18.00,299.14,444.71,&quot;https://5rH8sf3XHWbNEbyj.public.blob.vercel-storage.com/profile/moki_8f3a870a82f61c0353d15084f1480bd4c93f9047b150b871015994b32c028924_300x300.png&quot;,https://5rH8sf3XHWbNEbyj.public.blob.vercel-storage.com/thumbnail/moki_8f3a870a82f61c0353d15084f1480bd4c93f9047b150b871015994b32c028924_64x64.png,Non-Champion,1,2026-02-27 07:44 UTC
32,Moki #4035,4035,6745,Grinder,Legendary,236.00,96.53,97.84,231.00,423.00,&quot;https://5rH8sf3XHWbNEbyj.public.blob.vercel-storage.com/profile/moki_e755bbb1a234a5dfdef2d9f644920a637b0e6d56ad1c373779159bbd57f70302_300x300.png&quot;,https://5rH8sf3XHWbNEbyj.public.blob.vercel-storage.com/thumbnail/moki_e755bbb1a234a5dfdef2d9f644920a637b0e6d56ad1c373779159bbd57f70302_64x64.png,Non-Champion,1,2026-02-27 07:44 UTC
33,Moki #5327,5327,6735,Support,Legendary,33.00,315.15,370.82,234.00,244.00,&quot;https://5rH8sf3XHWbNEbyj.public.blob.vercel-storage.com/profile/moki_dd183f879a2632a5aa6b21ce0248bd4109ac850ca15c164722452044b83f2072_300x300.png&quot;,https://5rH8sf3XHWbNEbyj.public.blob.vercel-storage.com/thumbnail/moki_dd183f879a2632a5aa6b21ce0248bd4109ac850ca15c164722452044b83f2072_64x64.png,Non-Champion,1,2026-02-27 07:44 UTC
34,Moki #5531,5531,6730,Anchor,Legendary,236.00,36.00,235.00,247.00,246.00,&quot;https://5rH8sf3XHWbNEbyj.public.blob.vercel-storage.com/profile/moki_6f150796b8a7ae09979d9f18460e72caf514c57044a0bd7a771db1eefec24037_300x300.png&quot;,https://5rH8sf3XHWbNEbyj.public.blob.vercel-storage.com/thumbnail/moki_6f150796b8a7ae09979d9f18460e72caf514c57044a0bd7a771db1eefec24037_64x64.png,Non-Champion,1,2026-02-27 07:44 UTC
35,Tenten,691,6720,Support,Legendary,13.00,336.78,292.23,288.65,279.15,&quot;https://5rH8sf3XHWbNEbyj.public.blob.vercel-storage.com/profile/moki_0149e2149645d4ae9f3ecc187357e611d222e809236ef4929b652687f4a2f6d8_300x300.png&quot;,https://5rH8sf3XHWbNEbyj.public.blob.vercel-storage.com/thumbnail/moki_0149e2149645d4ae9f3ecc187357e611d222e809236ef4929b652687f4a2f6d8_64x64.png,Non-Champion,1,2026-02-27 07:44 UTC
36,Moki #3590,3590,6715,Bruiser,Legendary,531.31,49.00,270.32,55.50,246.62,&quot;https://5rH8sf3XHWbNEbyj.public.blob.vercel-storage.com/profile/moki_d9f3927922bd4f9fab926368c98a47ad235b8cbbf65714692059794a78bef738_300x300.png&quot;,https://5rH8sf3XHWbNEbyj.public.blob.vercel-storage.com/thumbnail/moki_d9f3927922bd4f9fab926368c98a47ad235b8cbbf65714692059794a78bef738_64x64.png,Non-Champion,1,2026-02-27 07:44 UTC
37,Moki #1992,1992,6700,Striker,Legendary,15.00,243.00,11.00,412.00,219.00,&quot;https://5rH8sf3XHWbNEbyj.public.blob.vercel-storage.com/profile/moki_f2a90d283618a3c139cdeee7e39312e10fe7cf296263634376b059a81eb573c4_300x300.png&quot;,https://5rH8sf3XHWbNEbyj.public.blob.vercel-storage.com/thumbnail/moki_f2a90d283618a3c139cdeee7e39312e10fe7cf296263634376b059a81eb573c4_64x64.png,Non-Champion,1,2026-02-27 07:44 UTC
38,Moki #8412,8412,6680,Bruiser,Legendary,434.00,26.00,210.00,6.00,224.00,&quot;https://5rH8sf3XHWbNEbyj.public.blob.vercel-storage.com/profile/moki_66bf6345bee81fbb5c5178d77643dd28cb7c333403b3c64b1dfb153627be8f9d_300x300.png&quot;,https://5rH8sf3XHWbNEbyj.public.blob.vercel-storage.com/thumbnail/moki_66bf6345bee81fbb5c5178d77643dd28cb7c333403b3c64b1dfb153627be8f9d_64x64.png,Non-Champion,1,2026-02-27 07:44 UTC
39,Moki #6689,6689,6680,Striker,Legendary,82.07,270.00,40.00,466.01,385.04,&quot;https://5rH8sf3XHWbNEbyj.public.blob.vercel-storage.com/profile/moki_721e71665aff67fccb809e3b70b2e8a2790d89805a079c94a1564a856a19d7cc_300x300.png&quot;,https://5rH8sf3XHWbNEbyj.public.blob.vercel-storage.com/thumbnail/moki_721e71665aff67fccb809e3b70b2e8a2790d89805a079c94a1564a856a19d7cc_64x64.png,Non-Champion,1,2026-02-27 07:44 UTC
40,Moki #8061,8061,6670,Flanker,Legendary,243.00,245.00,237.00,248.00,27.00,&quot;https://5rH8sf3XHWbNEbyj.public.blob.vercel-storage.com/profile/moki_c87399206d82c3058b714a8fb33e599e8525021b954bab595472a8a78d785f00_300x300.png&quot;,https://5rH8sf3XHWbNEbyj.public.blob.vercel-storage.com/thumbnail/moki_c87399206d82c3058b714a8fb33e599e8525021b954bab595472a8a78d785f00_64x64.png,Non-Champion,1,2026-02-27 07:44 UTC
41,Moki #5052,5052,6655,Support,Legendary,10.00,276.07,257.00,368.72,277.31,&quot;https://5rH8sf3XHWbNEbyj.public.blob.vercel-storage.com/profile/moki_4038f3b0386aeb33d21922c10dc9c8de9413d839bce8e5a6eddd147dec399f66_300x300.png&quot;,https://5rH8sf3XHWbNEbyj.public.blob.vercel-storage.com/thumbnail/moki_4038f3b0386aeb33d21922c10dc9c8de9413d839bce8e5a6eddd147dec399f66_64x64.png,Non-Champion,1,2026-02-27 07:44 UTC
42,Moki #8848,8848,6650,Grinder,Legendary,229.00,13.00,29.00,327.24,424.29,&quot;https://5rH8sf3XHWbNEbyj.public.blob.vercel-storage.com/profile/moki_a5ee010d8fb83519af3f451c83ebeaa4df99f256712065bf19e1e5a85637a0ab_300x300.png&quot;,https://5rH8sf3XHWbNEbyj.public.blob.vercel-storage.com/thumbnail/moki_a5ee010d8fb83519af3f451c83ebeaa4df99f256712065bf19e1e5a85637a0ab_64x64.png,Non-Champion,1,2026-02-27 07:44 UTC
43,Moki #7356,7356,6650,Grinder,Legendary,223.00,15.00,11.00,227.00,424.00,&quot;https://5rH8sf3XHWbNEbyj.public.blob.vercel-storage.com/profile/moki_910b5ca1df9fc56f3cfea29844f8995cee298d32d4536547b6e176d422edc09c_300x300.png&quot;,https://5rH8sf3XHWbNEbyj.public.blob.vercel-storage.com/thumbnail/moki_910b5ca1df9fc56f3cfea29844f8995cee298d32d4536547b6e176d422edc09c_64x64.png,Non-Champion,1,2026-02-27 07:44 UTC
44,Moki #1998,1998,6645,Bruiser,Legendary,543.44,28.33,244.00,30.00,230.00,&quot;https://5rH8sf3XHWbNEbyj.public.blob.vercel-storage.com/profile/moki_bbd52acfb83bad401385d15d4c2c2854fd41063fecb26cb0495dcce7061b7119_300x300.png&quot;,https://5rH8sf3XHWbNEbyj.public.blob.vercel-storage.com/thumbnail/moki_bbd52acfb83bad401385d15d4c2c2854fd41063fecb26cb0495dcce7061b7119_64x64.png,Non-Champion,1,2026-02-27 07:44 UTC
45,Moki #6228,6228,6640,Grinder,Legendary,218.00,22.00,23.00,226.00,411.00,&quot;https://5rH8sf3XHWbNEbyj.public.blob.vercel-storage.com/profile/moki_1ada183995ea0148ffc7d276a9fb0f4ad466c3a0c925740a1d405b81a7f80b58_300x300.png&quot;,https://5rH8sf3XHWbNEbyj.public.blob.vercel-storage.com/thumbnail/moki_1ada183995ea0148ffc7d276a9fb0f4ad466c3a0c925740a1d405b81a7f80b58_64x64.png,Non-Champion,1,2026-02-27 07:44 UTC
46,Moki #2884,2884,6640,Flanker,Legendary,268.50,245.00,248.00,236.00,22.00,&quot;https://5rH8sf3XHWbNEbyj.public.blob.vercel-storage.com/profile/moki_559ab87d683d47fbe53c1cfa3106ea0adf65e42783430c0d5bbbfefd9b31456e_300x300.png&quot;,https://5rH8sf3XHWbNEbyj.public.blob.vercel-storage.com/thumbnail/moki_559ab87d683d47fbe53c1cfa3106ea0adf65e42783430c0d5bbbfefd9b31456e_64x64.png,Non-Champion,1,2026-02-27 07:44 UTC
47,Moki #3271,3271,6635,Forward,Legendary,240.00,245.00,15.00,261.00,239.00,&quot;https://5rH8sf3XHWbNEbyj.public.blob.vercel-storage.com/profile/moki_429da51168cad6e89916d7c783759e993827caed985093f1d076734109206136_300x300.png&quot;,https://5rH8sf3XHWbNEbyj.public.blob.vercel-storage.com/thumbnail/moki_429da51168cad6e89916d7c783759e993827caed985093f1d076734109206136_64x64.png,Non-Champion,1,2026-02-27 07:44 UTC
48,Moki #1854,1854,6630,Bruiser,Legendary,421.00,6.00,204.00,15.00,254.00,&quot;https://5rH8sf3XHWbNEbyj.public.blob.vercel-storage.com/profile/moki_9f9fc3c6527b10870d9dd05197948a4f4e5f1ed3dcec2ac619f752f338ec9cde_300x300.png&quot;,https://5rH8sf3XHWbNEbyj.public.blob.vercel-storage.com/thumbnail/moki_9f9fc3c6527b10870d9dd05197948a4f4e5f1ed3dcec2ac619f752f338ec9cde_64x64.png,Non-Champion,1,2026-02-27 07:44 UTC
49,Moki #7957,7957,6610,Flanker,Legendary,346.45,244.00,250.30,251.53,101.14,&quot;https://5rH8sf3XHWbNEbyj.public.blob.vercel-storage.com/profile/moki_51f8da07cc5c867590bcd8ce9c95fdff5c296e5161491fc46f0b20459b2f7449_300x300.png&quot;,https://5rH8sf3XHWbNEbyj.public.blob.vercel-storage.com/thumbnail/moki_51f8da07cc5c867590bcd8ce9c95fdff5c296e5161491fc46f0b20459b2f7449_64x64.png,Non-Champion,1,2026-02-27 07:44 UTC
50,Moki #1263,1263,6600,Bruiser,Legendary,425.00,34.00,235.00,29.00,227.00,&quot;https://5rH8sf3XHWbNEbyj.public.blob.vercel-storage.com/profile/moki_d1c92e7846de4eb22aaad436a08586c7be0eba5dc0024095225e4492b0cb11e0_300x300.png&quot;,https://5rH8sf3XHWbNEbyj.public.blob.vercel-storage.com/thumbnail/moki_d1c92e7846de4eb22aaad436a08586c7be0eba5dc0024095225e4492b0cb11e0_64x64.png,Non-Champion,1,2026-02-27 07:44 UTC
51,Moki #495,495,6600,Defender,Legendary,220.00,300.38,528.41,19.00,12.00,&quot;https://5rH8sf3XHWbNEbyj.public.blob.vercel-storage.com/profile/moki_cacf825e35a74e7d137a35bdebf1b2cc07e5b0869a4e6e4985685ee6379ba534_300x300.png&quot;,https://5rH8sf3XHWbNEbyj.public.blob.vercel-storage.com/thumbnail/moki_cacf825e35a74e7d137a35bdebf1b2cc07e5b0869a4e6e4985685ee6379ba534_64x64.png,Non-Champion,1,2026-02-27 07:44 UTC
52,Moki #6089,6089,6590,Bruiser,Legendary,451.50,17.97,234.00,30.79,225.10,&quot;https://5rH8sf3XHWbNEbyj.public.blob.vercel-storage.com/profile/moki_257aed065657baf9e2df6ca3df9b8e4409788b8af450b09439bfc68a83f8f652_300x300.png&quot;,https://5rH8sf3XHWbNEbyj.public.blob.vercel-storage.com/thumbnail/moki_257aed065657baf9e2df6ca3df9b8e4409788b8af450b09439bfc68a83f8f652_64x64.png,Non-Champion,1,2026-02-27 07:44 UTC
53,Moki #892,892,6590,Flanker,Legendary,266.00,271.00,264.00,267.00,32.00,&quot;https://5rH8sf3XHWbNEbyj.public.blob.vercel-storage.com/profile/moki_137c4fe7e5685649945ed83991bb6e4731e30b8e97d16436e8f06dcb8a9abfa3_300x300.png&quot;,https://5rH8sf3XHWbNEbyj.public.blob.vercel-storage.com/thumbnail/moki_137c4fe7e5685649945ed83991bb6e4731e30b8e97d16436e8f06dcb8a9abfa3_64x64.png,Non-Champion,1,2026-02-27 07:44 UTC
54,Moki #8692,8692,6585,Sprinter,Legendary,13.00,419.00,236.00,223.00,9.00,&quot;https://5rH8sf3XHWbNEbyj.public.blob.vercel-storage.com/profile/moki_b44465165e931ef2fac97077f9616cca07a4a55aac91415c7d0585a3807d9e98_300x300.png&quot;,https://5rH8sf3XHWbNEbyj.public.blob.vercel-storage.com/thumbnail/moki_b44465165e931ef2fac97077f9616cca07a4a55aac91415c7d0585a3807d9e98_64x64.png,Non-Champion,1,2026-02-27 07:44 UTC
55,Moki #8702,8702,6580,Grinder,Legendary,218.00,38.00,12.00,215.00,417.00,&quot;https://5rH8sf3XHWbNEbyj.public.blob.vercel-storage.com/profile/moki_cc6d217795d14a5cdc52a8dfe5cf39e335c22bf1b75af1200bed70e8ba96b84d_300x300.png&quot;,https://5rH8sf3XHWbNEbyj.public.blob.vercel-storage.com/thumbnail/moki_cc6d217795d14a5cdc52a8dfe5cf39e335c22bf1b75af1200bed70e8ba96b84d_64x64.png,Non-Champion,1,2026-02-27 07:44 UTC
56,Moki #1400,1400,6575,Flanker,Legendary,323.32,284.63,302.87,270.79,64.73,&quot;https://5rH8sf3XHWbNEbyj.public.blob.vercel-storage.com/profile/moki_f0f44373258f6af9dc62386f25f90a2abfffd6155ff7c04e032b1e53006ff1df_300x300.png&quot;,https://5rH8sf3XHWbNEbyj.public.blob.vercel-storage.com/thumbnail/moki_f0f44373258f6af9dc62386f25f90a2abfffd6155ff7c04e032b1e53006ff1df_64x64.png,Non-Champion,1,2026-02-27 07:44 UTC
57,Moki #140,140,6565,Forward,Legendary,238.00,251.00,9.00,254.00,248.00,&quot;https://5rH8sf3XHWbNEbyj.public.blob.vercel-storage.com/profile/moki_d0acc733057db0b736527925aa4bc1d2e36696f62a1f91d4f41d96b1e48f1f93_300x300.png&quot;,https://5rH8sf3XHWbNEbyj.public.blob.vercel-storage.com/thumbnail/moki_d0acc733057db0b736527925aa4bc1d2e36696f62a1f91d4f41d96b1e48f1f93_64x64.png,Non-Champion,1,2026-02-27 07:44 UTC
58,Moki #4635,4635,6560,Bruiser,Legendary,424.00,26.00,219.00,8.00,223.00,&quot;https://5rH8sf3XHWbNEbyj.public.blob.vercel-storage.com/profile/moki_63505dad1d9f6394515f0bb3d6af9e4d273207d07807a5169f812c043844f708_300x300.png&quot;,https://5rH8sf3XHWbNEbyj.public.blob.vercel-storage.com/thumbnail/moki_63505dad1d9f6394515f0bb3d6af9e4d273207d07807a5169f812c043844f708_64x64.png,Non-Champion,1,2026-02-27 07:44 UTC
59,Vanguard of ROC,87,6515,Defender,Legendary,222.00,291.47,428.91,20.00,19.00,&quot;https://5rH8sf3XHWbNEbyj.public.blob.vercel-storage.com/profile/moki_c6dea1daf3ec99a319958ff51ce00ab318dbfee5e25a505103937ac91f186f6f_300x300.png&quot;,https://5rH8sf3XHWbNEbyj.public.blob.vercel-storage.com/thumbnail/moki_c6dea1daf3ec99a319958ff51ce00ab318dbfee5e25a505103937ac91f186f6f_64x64.png,Non-Champion,1,2026-02-27 07:44 UTC
60,Moki #5693,5693,6510,Center,Legendary,330.00,330.00,330.00,30.00,329.75,&quot;https://5rH8sf3XHWbNEbyj.public.blob.vercel-storage.com/profile/moki_5cc1418e9d0932a17359571e4836ceaafe85b24fce809ee7455b91ee5b5b4e8a_300x300.png&quot;,https://5rH8sf3XHWbNEbyj.public.blob.vercel-storage.com/thumbnail/moki_5cc1418e9d0932a17359571e4836ceaafe85b24fce809ee7455b91ee5b5b4e8a_64x64.png,Non-Champion,1,2026-02-27 07:44 UTC
61,Moki #3040,3040,6510,Flanker,Legendary,245.00,321.75,303.98,279.80,20.25,&quot;https://5rH8sf3XHWbNEbyj.public.blob.vercel-storage.com/profile/moki_5fd303f29d1ad780973e5fff9fbb5e7a372f69d0aa05e2205c8f11882710769b_300x300.png&quot;,https://5rH8sf3XHWbNEbyj.public.blob.vercel-storage.com/thumbnail/moki_5fd303f29d1ad780973e5fff9fbb5e7a372f69d0aa05e2205c8f11882710769b_64x64.png,Non-Champion,1,2026-02-27 07:44 UTC
62,Moki #6909,6909,6505,Flanker,Legendary,262.41,243.33,229.00,250.33,30.00,&quot;https://5rH8sf3XHWbNEbyj.public.blob.vercel-storage.com/profile/moki_0ad716b5403d62de9ab6e3111d41e2190230bdf867c1ae5cfbe0a9620436518a_300x300.png&quot;,https://5rH8sf3XHWbNEbyj.public.blob.vercel-storage.com/thumbnail/moki_0ad716b5403d62de9ab6e3111d41e2190230bdf867c1ae5cfbe0a9620436518a_64x64.png,Non-Champion,1,2026-02-27 07:44 UTC
63,Moki #5892,5892,6495,Forward,Legendary,330.48,331.29,30.00,342.82,316.19,&quot;https://5rH8sf3XHWbNEbyj.public.blob.vercel-storage.com/profile/moki_6357d94dbc2d6fe0db4667e1f52a0b65bd6f83b9b8db0b8ca183c5299152c045_300x300.png&quot;,https://5rH8sf3XHWbNEbyj.public.blob.vercel-storage.com/thumbnail/moki_6357d94dbc2d6fe0db4667e1f52a0b65bd6f83b9b8db0b8ca183c5299152c045_64x64.png,Non-Champion,1,2026-02-27 07:44 UTC
64,Moki #7389,7389,6480,Forward,Legendary,356.81,323.12,39.30,253.81,261.00,&quot;https://5rH8sf3XHWbNEbyj.public.blob.vercel-storage.com/profile/moki_8e8cd33d5f038c3e476e452d745aaaa3447d348a7864ae4dbe790d60d9d12cb1_300x300.png&quot;,https://5rH8sf3XHWbNEbyj.public.blob.vercel-storage.com/thumbnail/moki_8e8cd33d5f038c3e476e452d745aaaa3447d348a7864ae4dbe790d60d9d12cb1_64x64.png,Non-Champion,1,2026-02-27 07:44 UTC
65,Moki #6461,6461,6480,Flanker,Legendary,313.30,286.33,368.50,290.00,35.39,&quot;https://5rH8sf3XHWbNEbyj.public.blob.vercel-storage.com/profile/moki_74f535a9204c7f4fa35d6ba023789fc4e814687b115a6dd2c28a5814c2d3377d_300x300.png&quot;,https://5rH8sf3XHWbNEbyj.public.blob.vercel-storage.com/thumbnail/moki_74f535a9204c7f4fa35d6ba023789fc4e814687b115a6dd2c28a5814c2d3377d_64x64.png,Non-Champion,1,2026-02-27 07:44 UTC
66,Moki #7611,7611,6470,Grinder,Legendary,341.53,53.00,38.00,230.00,428.00,&quot;https://5rH8sf3XHWbNEbyj.public.blob.vercel-storage.com/profile/moki_e3fd06340be0eb9f4d3cff4ff12093be3b7cf41c35c10818ae98b4f22aa180a0_300x300.png&quot;,https://5rH8sf3XHWbNEbyj.public.blob.vercel-storage.com/thumbnail/moki_e3fd06340be0eb9f4d3cff4ff12093be3b7cf41c35c10818ae98b4f22aa180a0_64x64.png,Non-Champion,1,2026-02-27 07:44 UTC
67,Moki #742,742,6470,Grinder,Legendary,216.98,24.91,19.00,298.23,541.71,&quot;https://5rH8sf3XHWbNEbyj.public.blob.vercel-storage.com/profile/moki_f08e1d0b31ded7676fa37840adea3b38fe90cb5883b905bb3650023cf4f3f0a5_300x300.png&quot;,https://5rH8sf3XHWbNEbyj.public.blob.vercel-storage.com/thumbnail/moki_f08e1d0b31ded7676fa37840adea3b38fe90cb5883b905bb3650023cf4f3f0a5_64x64.png,Non-Champion,1,2026-02-27 07:44 UTC
68,Moki #3147,3147,6460,Flanker,Legendary,242.00,241.00,247.00,240.00,30.00,&quot;https://5rH8sf3XHWbNEbyj.public.blob.vercel-storage.com/profile/moki_f8435eea156795191ad42cde6f776c55640e35d4e1b1ccce2ff07fed16ebae07_300x300.png&quot;,https://5rH8sf3XHWbNEbyj.public.blob.vercel-storage.com/thumbnail/moki_f8435eea156795191ad42cde6f776c55640e35d4e1b1ccce2ff07fed16ebae07_64x64.png,Non-Champion,1,2026-02-27 07:44 UTC
69,Moki #7062,7062,6450,Striker,Legendary,29.00,254.75,29.00,443.98,314.02,&quot;https://5rH8sf3XHWbNEbyj.public.blob.vercel-storage.com/profile/moki_b3a8b3adb45fb8d85fb8990d47b3bcab1e42322f26ab7df8fd6de0f8f35e4fa1_300x300.png&quot;,https://5rH8sf3XHWbNEbyj.public.blob.vercel-storage.com/thumbnail/moki_b3a8b3adb45fb8d85fb8990d47b3bcab1e42322f26ab7df8fd6de0f8f35e4fa1_64x64.png,Non-Champion,1,2026-02-27 07:44 UTC
70,Moki #4356,4356,6450,Striker,Legendary,43.00,281.43,20.00,484.63,281.31,&quot;https://5rH8sf3XHWbNEbyj.public.blob.vercel-storage.com/profile/moki_4be19f6cbac39da633fb82f0219fe55e557bbbe9a92aa131f49c9d1c0ce81cc9_300x300.png&quot;,https://5rH8sf3XHWbNEbyj.public.blob.vercel-storage.com/thumbnail/moki_4be19f6cbac39da633fb82f0219fe55e557bbbe9a92aa131f49c9d1c0ce81cc9_64x64.png,Non-Champion,1,2026-02-27 07:44 UTC
71,Moki #4029,4029,6450,Striker,Legendary,6.00,264.75,35.00,500.81,233.95,&quot;https://5rH8sf3XHWbNEbyj.public.blob.vercel-storage.com/profile/moki_98d9a71f8909eef84a0dd67e3f0646a87e90ace592e7516315db6feac9099f5a_300x300.png&quot;,https://5rH8sf3XHWbNEbyj.public.blob.vercel-storage.com/thumbnail/moki_98d9a71f8909eef84a0dd67e3f0646a87e90ace592e7516315db6feac9099f5a_64x64.png,Non-Champion,1,2026-02-27 07:44 UTC
72,Moki #3150,3150,6450,Forward,Legendary,257.33,375.16,26.50,261.00,257.28,&quot;https://5rH8sf3XHWbNEbyj.public.blob.vercel-storage.com/profile/moki_00f9759e971951c1c0a30978cff8cec231fda667e8c853307f3c769f9e132c4e_300x300.png&quot;,https://5rH8sf3XHWbNEbyj.public.blob.vercel-storage.com/thumbnail/moki_00f9759e971951c1c0a30978cff8cec231fda667e8c853307f3c769f9e132c4e_64x64.png,Non-Champion,1,2026-02-27 07:44 UTC
73,Moki #6924,6924,6445,Support,Legendary,29.00,254.00,259.00,251.00,257.00,&quot;https://5rH8sf3XHWbNEbyj.public.blob.vercel-storage.com/profile/moki_5fb94a8af884df9b92e9c92cbc79cfd91fcbef48908c7e520b79894bbd6384d5_300x300.png&quot;,https://5rH8sf3XHWbNEbyj.public.blob.vercel-storage.com/thumbnail/moki_5fb94a8af884df9b92e9c92cbc79cfd91fcbef48908c7e520b79894bbd6384d5_64x64.png,Non-Champion,1,2026-02-27 07:44 UTC
74,Moki #6352,6352,6445,Center,Legendary,237.00,241.00,258.00,19.00,245.00,&quot;https://5rH8sf3XHWbNEbyj.public.blob.vercel-storage.com/profile/moki_d4498181c8523e966c6a6d5bf5f4099492aed88dcb4254b54504b6fdc71bf320_300x300.png&quot;,https://5rH8sf3XHWbNEbyj.public.blob.vercel-storage.com/thumbnail/moki_d4498181c8523e966c6a6d5bf5f4099492aed88dcb4254b54504b6fdc71bf320_64x64.png,Non-Champion,1,2026-02-27 07:44 UTC
75,Heracross,6661,6440,Grinder,Legendary,208.00,103.62,21.00,222.67,431.00,&quot;https://5rH8sf3XHWbNEbyj.public.blob.vercel-storage.com/profile/moki_a746067f6f54cc87e3eee3dccb3166a233a94ba9b81edadf100981b055a3f85b_300x300.png&quot;,https://5rH8sf3XHWbNEbyj.public.blob.vercel-storage.com/thumbnail/moki_a746067f6f54cc87e3eee3dccb3166a233a94ba9b81edadf100981b055a3f85b_64x64.png,Non-Champion,1,2026-02-27 07:44 UTC
76,Moki #4164,4164,6440,Forward,Legendary,266.21,310.44,29.00,334.43,287.17,&quot;https://5rH8sf3XHWbNEbyj.public.blob.vercel-storage.com/profile/moki_e32395e2098076653afaa71a349f8fd0c5749eaefbb6afad8d4fa38d88fdd95d_300x300.png&quot;,https://5rH8sf3XHWbNEbyj.public.blob.vercel-storage.com/thumbnail/moki_e32395e2098076653afaa71a349f8fd0c5749eaefbb6afad8d4fa38d88fdd95d_64x64.png,Non-Champion,1,2026-02-27 07:44 UTC
77,Moki #2120,2120,6435,Flanker,Legendary,330.03,305.82,239.00,243.00,20.00,&quot;https://5rH8sf3XHWbNEbyj.public.blob.vercel-storage.com/profile/moki_fc5d4522d21bcafd36fbbe8800bf04c5c61cc93f2128823d409d655f07e37588_300x300.png&quot;,https://5rH8sf3XHWbNEbyj.public.blob.vercel-storage.com/thumbnail/moki_fc5d4522d21bcafd36fbbe8800bf04c5c61cc93f2128823d409d655f07e37588_64x64.png,Non-Champion,1,2026-02-27 07:44 UTC
78,Moki #5520,5520,6430,Defender,Legendary,228.00,276.84,493.91,21.00,23.00,&quot;https://5rH8sf3XHWbNEbyj.public.blob.vercel-storage.com/profile/moki_79e76882107b8eb5680d4aa3677a7799b14440a2b9a742446e44598ad1f2b504_300x300.png&quot;,https://5rH8sf3XHWbNEbyj.public.blob.vercel-storage.com/thumbnail/moki_79e76882107b8eb5680d4aa3677a7799b14440a2b9a742446e44598ad1f2b504_64x64.png,Non-Champion,1,2026-02-27 07:44 UTC
79,Moki #4909,4909,6430,Bruiser,Legendary,424.00,24.00,220.00,9.00,223.00,&quot;https://5rH8sf3XHWbNEbyj.public.blob.vercel-storage.com/profile/moki_b20e269a11614067435bd699295ac6cef78d5a49b10454c20a545a23fb1c3f48_300x300.png&quot;,https://5rH8sf3XHWbNEbyj.public.blob.vercel-storage.com/thumbnail/moki_b20e269a11614067435bd699295ac6cef78d5a49b10454c20a545a23fb1c3f48_64x64.png,Non-Champion,1,2026-02-27 07:44 UTC
80,Moki #4347,4347,6430,Bruiser,Legendary,506.26,24.00,245.54,30.05,224.49,&quot;https://5rH8sf3XHWbNEbyj.public.blob.vercel-storage.com/profile/moki_2a4806baef95ff5881fb07f31928a4fcf3b27bf333f2a9a7efcf5d9ce475ada8_300x300.png&quot;,https://5rH8sf3XHWbNEbyj.public.blob.vercel-storage.com/thumbnail/moki_2a4806baef95ff5881fb07f31928a4fcf3b27bf333f2a9a7efcf5d9ce475ada8_64x64.png,Non-Champion,1,2026-02-27 07:44 UTC
81,Moki #1059,1059,6430,Flanker,Legendary,268.00,243.00,257.00,258.00,24.00,&quot;https://5rH8sf3XHWbNEbyj.public.blob.vercel-storage.com/profile/moki_1f380a5f0e40cfe57f0a200751cf0dfebf54e360944774a9f5e95d96bcb0f3e0_300x300.png&quot;,https://5rH8sf3XHWbNEbyj.public.blob.vercel-storage.com/thumbnail/moki_1f380a5f0e40cfe57f0a200751cf0dfebf54e360944774a9f5e95d96bcb0f3e0_64x64.png,Non-Champion,1,2026-02-27 07:44 UTC
82,Moki #81,81,6425,Forward,Legendary,316.27,280.06,30.33,266.31,270.03,&quot;https://5rH8sf3XHWbNEbyj.public.blob.vercel-storage.com/profile/moki_68b6ed78e47e1b73268a08a7ac8da52e8dfb24a7018d5b3b6e4cfb4db8f9c54c_300x300.png&quot;,https://5rH8sf3XHWbNEbyj.public.blob.vercel-storage.com/thumbnail/moki_68b6ed78e47e1b73268a08a7ac8da52e8dfb24a7018d5b3b6e4cfb4db8f9c54c_64x64.png,Non-Champion,1,2026-02-27 07:44 UTC
83,Moki #5493,5493,6420,Sprinter,Legendary,17.00,428.00,215.00,224.00,16.00,&quot;https://5rH8sf3XHWbNEbyj.public.blob.vercel-storage.com/profile/moki_5d2c80d2e2840908f12f66349806d817fd64f186d44fe39cbcab03b8ecf28682_300x300.png&quot;,https://5rH8sf3XHWbNEbyj.public.blob.vercel-storage.com/thumbnail/moki_5d2c80d2e2840908f12f66349806d817fd64f186d44fe39cbcab03b8ecf28682_64x64.png,Non-Champion,1,2026-02-27 07:44 UTC
84,Moki #8085,8085,6410,Grinder,Legendary,271.16,135.93,12.00,214.00,433.00,&quot;https://5rH8sf3XHWbNEbyj.public.blob.vercel-storage.com/profile/moki_7076178d330dabcd1792be1e864f47211cb810c6613e25c00fc345ccedfb0e52_300x300.png&quot;,https://5rH8sf3XHWbNEbyj.public.blob.vercel-storage.com/thumbnail/moki_7076178d330dabcd1792be1e864f47211cb810c6613e25c00fc345ccedfb0e52_64x64.png,Non-Champion,1,2026-02-27 07:44 UTC
85,Moki #7258,7258,6410,Forward,Legendary,323.20,320.83,17.00,256.00,254.00,&quot;https://5rH8sf3XHWbNEbyj.public.blob.vercel-storage.com/profile/moki_333ffe2734d1bb9c4f6ba649b19751ebd7da96cce8710e1909891f59df08c580_300x300.png&quot;,https://5rH8sf3XHWbNEbyj.public.blob.vercel-storage.com/thumbnail/moki_333ffe2734d1bb9c4f6ba649b19751ebd7da96cce8710e1909891f59df08c580_64x64.png,Non-Champion,1,2026-02-27 07:44 UTC
86,Moki #4781,4781,6410,Striker,Legendary,14.00,326.59,10.00,494.27,254.00,&quot;https://5rH8sf3XHWbNEbyj.public.blob.vercel-storage.com/profile/moki_5ed068d2f9f7dcf79aa3acf80eb6fc4157ca1835cd6d4e20f11e825bb5b36e98_300x300.png&quot;,https://5rH8sf3XHWbNEbyj.public.blob.vercel-storage.com/thumbnail/moki_5ed068d2f9f7dcf79aa3acf80eb6fc4157ca1835cd6d4e20f11e825bb5b36e98_64x64.png,Non-Champion,1,2026-02-27 07:44 UTC
87,Moki #1718,1718,6410,Flanker,Legendary,310.26,329.24,243.00,265.73,23.62,&quot;https://5rH8sf3XHWbNEbyj.public.blob.vercel-storage.com/profile/moki_7d6c97b45e6e3e968b2250f5e3f57f3a5fcbe5d9b5b39e23b467b5ed9f22b7fa_300x300.png&quot;,https://5rH8sf3XHWbNEbyj.public.blob.vercel-storage.com/thumbnail/moki_7d6c97b45e6e3e968b2250f5e3f57f3a5fcbe5d9b5b39e23b467b5ed9f22b7fa_64x64.png,Non-Champion,1,2026-02-27 07:44 UTC
88,Moki #8821,8821,6395,Sprinter,Legendary,65.98,468.90,290.03,212.00,27.00,&quot;https://5rH8sf3XHWbNEbyj.public.blob.vercel-storage.com/profile/moki_b6a83973ed653ff6d008779793e094dc07c8ef2f66af3dcbcdae8102ab512892_300x300.png&quot;,https://5rH8sf3XHWbNEbyj.public.blob.vercel-storage.com/thumbnail/moki_b6a83973ed653ff6d008779793e094dc07c8ef2f66af3dcbcdae8102ab512892_64x64.png,Non-Champion,1,2026-02-27 07:44 UTC
89,Joy,6601,6395,Support,Legendary,53.85,331.30,291.59,313.49,304.37,&quot;https://5rH8sf3XHWbNEbyj.public.blob.vercel-storage.com/profile/moki_a77611f5ff86adec82ce73c3674f0f1c5d4011e9f0c7a17619d95389d2bd6d01_300x300.png&quot;,https://5rH8sf3XHWbNEbyj.public.blob.vercel-storage.com/thumbnail/moki_a77611f5ff86adec82ce73c3674f0f1c5d4011e9f0c7a17619d95389d2bd6d01_64x64.png,Non-Champion,1,2026-02-27 07:44 UTC
90,Moki #2078,2078,6395,Center,Legendary,234.00,235.00,240.00,21.00,270.00,&quot;https://5rH8sf3XHWbNEbyj.public.blob.vercel-storage.com/profile/moki_ce3627df12f2f861086be3e9a64f5c5e043ecd098a85856845e2d775839482ea_300x300.png&quot;,https://5rH8sf3XHWbNEbyj.public.blob.vercel-storage.com/thumbnail/moki_ce3627df12f2f861086be3e9a64f5c5e043ecd098a85856845e2d775839482ea_64x64.png,Non-Champion,1,2026-02-27 07:44 UTC
91,Moki #8393,8393,6390,Grinder,Legendary,216.00,32.00,20.00,212.00,420.00,&quot;https://5rH8sf3XHWbNEbyj.public.blob.vercel-storage.com/profile/moki_222812d5756d2531f1bfa6d3a01be39dd115082a0a0eb03f05c68d96e56b6c2d_300x300.png&quot;,https://5rH8sf3XHWbNEbyj.public.blob.vercel-storage.com/thumbnail/moki_222812d5756d2531f1bfa6d3a01be39dd115082a0a0eb03f05c68d96e56b6c2d_64x64.png,Non-Champion,1,2026-02-27 07:44 UTC
92,Moki #2204,2204,6385,Center,Legendary,240.00,321.51,311.99,25.00,239.00,&quot;https://5rH8sf3XHWbNEbyj.public.blob.vercel-storage.com/profile/moki_aab17364a738e05c1bacaf91ee983ea97f2bbc9151b5ca61fbe9c5655dd0d0c4_300x300.png&quot;,https://5rH8sf3XHWbNEbyj.public.blob.vercel-storage.com/thumbnail/moki_aab17364a738e05c1bacaf91ee983ea97f2bbc9151b5ca61fbe9c5655dd0d0c4_64x64.png,Non-Champion,1,2026-02-27 07:44 UTC
93,Moki #541,541,6385,Support,Legendary,23.00,247.00,241.00,243.00,248.00,&quot;https://5rH8sf3XHWbNEbyj.public.blob.vercel-storage.com/profile/moki_7297a304d35455a2389b609e0046dcee560af06acb0c21f85373964e5cb017b3_300x300.png&quot;,https://5rH8sf3XHWbNEbyj.public.blob.vercel-storage.com/thumbnail/moki_7297a304d35455a2389b609e0046dcee560af06acb0c21f85373964e5cb017b3_64x64.png,Non-Champion,1,2026-02-27 07:44 UTC
94,Moki #4875,4875,6380,Center,Legendary,247.27,403.66,247.00,20.00,246.00,&quot;https://5rH8sf3XHWbNEbyj.public.blob.vercel-storage.com/profile/moki_19298422d42ee974f1a4998701ed2efe95067a2829b3bbbbe5e1a3015112a8b5_300x300.png&quot;,https://5rH8sf3XHWbNEbyj.public.blob.vercel-storage.com/thumbnail/moki_19298422d42ee974f1a4998701ed2efe95067a2829b3bbbbe5e1a3015112a8b5_64x64.png,Non-Champion,1,2026-02-27 07:44 UTC
95,Moki #3162,3162,6380,Anchor,Legendary,244.00,13.00,247.00,246.00,250.00,&quot;https://5rH8sf3XHWbNEbyj.public.blob.vercel-storage.com/profile/moki_c9bc409d158edea5eac71b8bece1e523c5dc98658a282df1812becfb6fac00da_300x300.png&quot;,https://5rH8sf3XHWbNEbyj.public.blob.vercel-storage.com/thumbnail/moki_c9bc409d158edea5eac71b8bece1e523c5dc98658a282df1812becfb6fac00da_64x64.png,Non-Champion,1,2026-02-27 07:44 UTC
96,Moki #1926,1926,6380,Bruiser,Legendary,427.33,40.47,350.26,15.00,224.60,&quot;https://5rH8sf3XHWbNEbyj.public.blob.vercel-storage.com/profile/moki_6d1b2657696b04fbc44bc02fdf3a591d124a5dd44d282cf96235389e8c4ca403_300x300.png&quot;,https://5rH8sf3XHWbNEbyj.public.blob.vercel-storage.com/thumbnail/moki_6d1b2657696b04fbc44bc02fdf3a591d124a5dd44d282cf96235389e8c4ca403_64x64.png,Non-Champion,1,2026-02-27 07:44 UTC
97,Moki #1078,1078,6380,Grinder,Legendary,220.13,45.62,14.56,293.88,432.00,&quot;https://5rH8sf3XHWbNEbyj.public.blob.vercel-storage.com/profile/moki_b5dd62755f5b3f2e2cd39e8c0cdef15f736a8e40aa50b5e824107eb80a780c6d_300x300.png&quot;,https://5rH8sf3XHWbNEbyj.public.blob.vercel-storage.com/thumbnail/moki_b5dd62755f5b3f2e2cd39e8c0cdef15f736a8e40aa50b5e824107eb80a780c6d_64x64.png,Non-Champion,1,2026-02-27 07:44 UTC
98,Ryu,7977,6370,Bruiser,Legendary,424.00,69.15,284.41,43.86,262.22,&quot;https://5rH8sf3XHWbNEbyj.public.blob.vercel-storage.com/profile/moki_f56ad81086c21a5dc61e71f489fa76a3d3ac55a3ab535bc7082cb70abd3bada1_300x300.png&quot;,https://5rH8sf3XHWbNEbyj.public.blob.vercel-storage.com/thumbnail/moki_f56ad81086c21a5dc61e71f489fa76a3d3ac55a3ab535bc7082cb70abd3bada1_64x64.png,Non-Champion,1,2026-02-27 07:44 UTC
99,Snooze,2732,6370,Bruiser,Legendary,538.15,18.33,272.58,38.00,249.12,&quot;https://5rH8sf3XHWbNEbyj.public.blob.vercel-storage.com/profile/moki_d7fa51e1a192a3e0e5f6d637163dd8c8b711519e854ab347a6fcd638cb51ab66_300x300.png&quot;,https://5rH8sf3XHWbNEbyj.public.blob.vercel-storage.com/thumbnail/moki_d7fa51e1a192a3e0e5f6d637163dd8c8b711519e854ab347a6fcd638cb51ab66_64x64.png,Non-Champion,1,2026-02-27 07:44 UTC
100,Moki #835,835,6370,Grinder,Legendary,229.34,103.95,42.71,287.53,431.31,&quot;https://5rH8sf3XHWbNEbyj.public.blob.vercel-storage.com/profile/moki_51d65f4db77c7e67ed9efa11aa23c8eaaa03dd547504c244d9e55d4af032f2c8_300x300.png&quot;,https://5rH8sf3XHWbNEbyj.public.blob.vercel-storage.com/thumbnail/moki_51d65f4db77c7e67ed9efa11aa23c8eaaa03dd547504c244d9e55d4af032f2c8_64x64.png,Non-Champion,1,2026-02-27 07:44 UTC
